# Reference solar spectrum, disc centre.
# Delbouille, Neven & Roland (1972), Jungfraujoch; served by BASS2000
# (bass2000.obspm.fr).  Intensity is linear, continuum = 10000.
wavelength_nm,intensity,label
300.0000,4799,
300.1000,490,
300.2000,4267,
300.3000,772,
300.4000,6146,
300.5000,3858,
300.6000,4743,
300.7000,5933,
300.8000,1444,
300.9000,6156,
301.0000,5336,
301.1000,8214,
301.2000,260,
301.3000,3810,
301.4000,8580,
301.5000,6139,
301.6000,3527,
301.7000,8518,
301.8000,4732,
301.9000,287,
302.0000,641,
302.1000,557,
302.1080,146,Fe T
302.2080,4530,
302.3080,2887,
302.4080,746,
302.5080,6602,
302.6080,2706,
302.7080,8537,
302.8080,4985,
302.9080,3155,
303.0080,5028,
303.1080,4503,
303.2080,9197,
303.3080,2679,
303.4080,7513,
303.5080,9057,
303.6080,6051,
303.7080,1106,
303.8080,1849,
303.9080,792,
304.0080,7601,
304.1080,6424,
304.2080,1939,
304.3080,7201,
304.4080,5244,
304.5080,356,
304.6080,7405,
304.7080,2679,
304.8080,3062,
304.9080,8055,
305.0080,2203,
305.1080,4759,
305.2080,9346,
305.3080,552,
305.4080,6675,
305.5080,6795,
305.6080,5581,
305.7080,3892,
305.8080,448,
305.9080,145,
306.0080,5168,
306.1080,6910,
306.2080,5407,
306.3080,6102,
306.4080,4744,
306.5080,1268,
306.6080,4715,
306.7080,1292,
306.8080,7448,
306.9080,8685,
307.0080,8117,
307.1080,7931,
307.2080,612,
307.3080,3586,
307.4080,2749,
307.5080,4029,
307.6080,7023,
307.7080,7645,
307.8080,1946,
307.9080,8539,
308.0080,3570,
308.1080,7934,
308.2080,1066,
308.3080,4321,
308.4080,5978,
308.5080,7376,
308.6080,7793,
308.7080,1199,
308.8080,647,
308.9080,7169,
309.0080,7764,
309.1080,222,
309.2080,3162,
309.3080,255,
309.4080,4860,
309.5080,2716,
309.6080,2204,
309.7080,1292,
309.8080,2490,
309.9080,2327,
310.0080,1532,
310.1080,5648,
310.2080,4712,
310.3080,7919,
310.4080,8463,
310.5080,498,
310.6080,6203,
310.7080,4777,
310.8080,9359,
310.9080,2837,
311.0080,1239,
311.1080,7766,
311.2080,572,
311.3080,5391,
311.4080,1470,
311.5080,4439,
311.6080,8176,
311.7080,6561,
311.8080,7371,
311.9080,7869,
312.0080,8292,
312.1080,4430,
312.2080,1512,
312.3080,2497,
312.4080,4197,
312.5080,1365,
312.6080,7672,
312.7080,6567,
312.8080,4560,
312.9080,3025,
313.0080,8648,
313.1080,2729,
313.2080,475,
313.3080,2888,
313.4080,393,
313.5080,7367,
313.6080,5880,
313.7080,6353,
313.8080,5714,
313.9080,7743,
314.0080,8220,
314.1080,4914,
314.2080,8859,
314.3080,7958,
314.4080,1294,
314.5080,1107,
314.6080,8580,
314.7080,790,
314.8080,2510,
314.9080,9491,
315.0080,2602,
315.1080,7263,
315.2080,4655,
315.3080,5617,
315.4080,5863,
315.5080,5036,
315.6080,8728,
315.7080,1510,
315.8080,2967,
315.9080,2331,
316.0080,3733,
316.1080,6285,
316.2080,7713,
316.3080,1217,
316.4080,2173,
316.5080,2622,
316.6080,7230,
316.7080,9458,
316.8080,5609,
316.9080,6592,
317.0080,8557,
317.1080,8969,
317.2080,824,
317.3080,9050,
317.4080,6551,
317.5080,5214,
317.6080,8328,
317.7080,6556,
317.8080,3021,
317.9080,2945,
318.0080,3632,
318.1080,6371,
318.2080,1408,
318.3080,1589,
318.4080,4001,
318.5080,5089,
318.6080,2119,
318.7080,7389,
318.8080,1986,
318.9080,9445,
319.0080,2271,
319.1080,4932,
319.2080,3159,
319.3080,4002,
319.4080,2270,
319.5080,2066,
319.6080,614,
319.7080,433,
319.8080,6430,
319.9080,5528,
320.0080,7750,
320.1080,7312,
320.2080,8035,
320.3080,8830,
320.4080,8289,
320.5080,6217,
320.6080,8757,
320.7080,759,
320.8080,4481,
320.9080,4856,
321.0080,6359,
321.1080,5806,
321.2080,4063,
321.3080,5682,
321.4080,396,
321.5080,7738,
321.6080,6312,
321.7080,399,
321.8080,4987,
321.9080,6949,
322.0080,8420,
322.1080,8244,
322.2080,265,
322.3080,4366,
322.4080,9075,
322.5080,3630,
322.6080,4664,
322.7080,1303,
322.8080,660,
322.9080,3106,
323.0080,1260,
323.1080,6803,
323.2080,7328,
323.3080,1432,
323.4080,2040,
323.5080,8244,
323.6080,3474,
323.7080,7223,
323.8080,3606,
323.9080,586,
324.0080,7506,
324.1080,6547,
324.2080,2702,
324.3080,440,
324.4080,5907,
324.5080,6545,
324.6080,6637,
324.7080,6914,
324.8080,6246,
324.9080,8316,
325.0080,7864,
325.1080,5467,
325.2080,7636,
325.3080,7035,
325.4080,4604,
325.5080,9060,
325.6080,7324,
325.7080,3294,
325.8080,5264,
325.9080,3070,
326.0080,8750,
326.1080,7538,
326.2080,8341,
326.3080,5931,
326.4080,6539,
326.5080,1363,
326.6080,9403,
326.7080,4953,
326.8080,5053,
326.9080,5469,
327.0080,7453,
327.1080,2071,
327.2080,551,
327.3080,4366,
327.4080,6139,
327.5080,9451,
327.6080,3466,
327.7080,7000,
327.8080,8087,
327.9080,8218,
328.0080,7756,
328.1080,7179,
328.2080,8696,
328.3080,8316,
328.4080,8653,
328.5080,7365,
328.6080,4130,
328.7080,1300,
328.8080,5704,
328.9080,8597,
329.0080,9177,
329.1080,6270,
329.2080,1361,
329.3080,7760,
329.4080,8852,
329.5080,5800,
329.6080,9059,
329.7080,6470,
329.8080,6489,
329.9080,2884,
330.0080,9379,
330.1080,9509,
330.2080,1906,
330.3080,7157,
330.4080,8626,
330.5080,5545,
330.6080,1782,
330.7080,5187,
330.8080,4680,
330.9080,6833,
331.0080,7482,
331.1080,4880,
331.2080,6785,
331.3080,5141,
331.4080,1856,
331.5080,8322,
331.6080,9025,
331.7080,4952,
331.8080,4124,
331.9080,1764,
332.0080,8325,
332.1080,9237,
332.2080,8638,
332.3080,1735,
332.4080,1676,
332.5080,7770,
332.6080,9090,
332.7080,8876,
332.8080,9245,
332.9080,4377,
333.0080,6318,
333.1080,8918,
333.2080,1334,
333.3080,6446,
333.4080,6017,
333.5080,5313,
333.6080,6997,
333.7080,7325,
333.8080,6547,
333.9080,6226,
334.0080,8263,
334.1080,8115,
334.2080,6007,
334.3080,8905,
334.4080,7108,
334.5080,7105,
334.6080,8717,
334.7080,8324,
334.8080,6643,
334.9080,578,
335.0080,6339,
335.1080,6972,
335.2080,1094,
335.3080,5084,
335.4080,1818,
335.5080,8242,
335.6080,2363,
335.7080,8718,
335.8080,5398,
335.9080,2107,
336.0080,1401,
336.1080,2057,
336.1120,1387,Ti+ P
336.2120,2390,
336.3120,8633,
336.4120,9353,
336.5120,8744,
336.6120,2333,
336.7120,763,
336.8120,3730,
336.9120,3379,
337.0120,7433,
337.1120,4947,
337.2120,578,
337.3120,6785,
337.4120,5401,
337.5120,7819,
337.6120,7923,
337.7120,7350,
337.8120,8318,
337.9120,7924,
338.0120,567,
338.1120,2106,
338.2120,8145,
338.3120,8866,
338.4120,6897,
338.5120,8831,
338.6120,8633,
338.7120,8656,
338.8120,5066,
338.9120,6956,
339.0120,7906,
339.1120,2074,
339.2120,4213,
339.3120,1409,
339.4120,6981,
339.5120,8076,
339.6120,7019,
339.7120,8918,
339.8120,9546,
339.9120,7612,
340.0120,7722,
340.1120,7021,
340.2120,6814,
340.3120,8135,
340.4120,7725,
340.5120,311,
340.6120,5437,
340.7120,7720,
340.8120,6982,
340.9120,4385,
341.0120,7093,
341.1120,2303,
341.2120,8455,
341.3120,585,
341.4120,5395,
341.5120,4968,
341.6120,8286,
341.7120,3265,
341.8120,6001,
341.9120,4081,
342.0120,6798,
342.1120,7103,
342.2120,2028,
342.3120,7598,
342.4120,7470,
342.5120,8362,
342.6120,7619,
342.7120,373,
342.8120,6318,
342.9120,8172,
343.0120,8320,
343.1120,8659,
343.2120,6712,
343.3120,5449,
343.4120,3481,
343.5120,8545,
343.6120,3146,
343.7120,3070,
343.8120,6857,
343.9120,7315,
344.0120,3846,
344.1120,1403,
344.2120,2229,
344.3120,6876,
344.4120,5170,
344.5120,1339,
344.6120,2336,
344.7120,7185,
344.8120,6523,
344.9120,3718,
345.0120,6124,
345.1120,7541,
345.2120,8062,
345.3120,4730,
345.4120,6932,
345.5120,7936,
345.6120,6996,
345.7120,3310,
345.8120,3049,
345.9120,6883,
346.0120,5476,
346.1120,5526,
346.2120,7016,
346.3120,7824,
346.4120,3633,
346.5120,8665,
346.6120,4999,
346.7120,7090,
346.8120,8043,
346.9120,8454,
347.0120,8934,
347.1120,7573,
347.2120,5935,
347.3120,8675,
347.4120,699,
347.5120,2035,
347.6120,7325,
347.7120,4300,
347.8120,8729,
347.9120,8212,
348.0120,7125,
348.1120,5209,
348.2120,7515,
348.3120,6908,
348.4120,4483,
348.5120,2550,
348.6120,6669,
348.7120,8391,
348.8120,8248,
348.9120,4878,
349.0120,5230,
349.1120,5036,
349.2120,6891,
349.3120,2234,
349.4120,6877,
349.5120,9062,
349.6120,6833,
349.7120,554,
349.8120,4706,
349.9120,5309,
350.0120,8103,
350.1120,8523,
350.2120,8508,
350.3120,8697,
350.4120,9481,
350.5120,5887,
350.6120,8796,
350.7120,3988,
350.8120,8698,
350.9120,1664,
351.0120,6118,
351.1120,8569,
351.2120,6351,
351.3120,7418,
351.4120,7065,
351.5120,1060,
351.6120,8672,
351.7120,8334,
351.8120,9400,
351.9120,8674,
352.0120,4475,
352.1120,4992,
352.2120,8249,
352.3120,7537,
352.4120,3348,
352.5120,5841,
352.6120,1425,
352.7120,5801,
352.8120,9024,
352.9120,8371,
353.0120,8465,
353.1120,9291,
353.2120,785,
353.3120,4168,
353.4120,8844,
353.5120,9076,
353.6120,8782,
353.7120,9074,
353.8120,8907,
353.9120,9094,
354.0120,766,
354.1120,1068,
354.2120,1577,
354.3120,7976,
354.4120,8237,
354.5120,8554,
354.6120,8877,
354.7120,7777,
354.8120,4887,
354.9120,9028,
355.0120,8215,
355.1120,2853,
355.2120,1631,
355.3120,7015,
355.4120,617,
355.5120,5297,
355.6120,8479,
355.7120,7160,
355.8120,6948,
355.9120,6894,
356.0120,7321,
356.1120,7464,
356.2120,6703,
356.3120,8364,
356.4120,1282,
356.5120,3417,
356.6120,3089,
356.7120,7710,
356.8120,8146,
356.9120,6376,
357.0120,240,
357.1120,6355,
357.2120,4185,
357.3120,8393,
357.4120,8718,
357.5120,1009,
357.6120,8714,
357.7120,8677,
357.8120,4205,
357.9120,6087,
358.0120,5494,
358.1120,870,
358.1210,205,Fe N
358.2210,829,
358.3210,5060,
358.4210,7181,
358.5210,1261,
358.6210,5737,
358.7210,644,
358.8210,5739,
358.9210,6705,
359.0210,6875,
359.1210,7693,
359.2210,9003,
359.3210,6425,
359.4210,8919,
359.5210,9027,
359.6210,1546,
359.7210,9225,
359.8210,7250,
359.9210,7841,
360.0210,9272,
360.1210,7908,
360.2210,7725,
360.3210,543,
360.4210,8178,
360.5210,988,
360.6210,8484,
360.7210,8681,
360.8210,4784,
360.9210,3912,
361.0210,1666,
361.1210,5418,
361.2210,8236,
361.3210,4650,
361.4210,8447,
361.5210,2910,
361.6210,2197,
361.7210,8292,
361.8210,4985,
361.9210,2617,
362.0210,4722,
362.1210,2031,
362.2210,8325,
362.3210,1067,
362.4210,8035,
362.5210,6858,
362.6210,5810,
362.7210,9003,
362.8210,9155,
362.9210,9407,
363.0210,6286,
363.1210,2346,
363.2210,6212,
363.3210,8383,
363.4210,1673,
363.5210,1731,
363.6210,1592,
363.7210,6052,
363.8210,4713,
363.9210,8761,
364.0210,8878,
364.1210,7980,
364.2210,9406,
364.3210,2643,
364.4210,9159,
364.5210,7348,
364.6210,3700,
364.7210,7159,
364.8210,3348,
364.9210,7882,
365.0210,7083,
365.1210,5852,
365.2210,8986,
365.3210,9574,
365.4210,9592,
365.5210,5312,
365.6210,1260,
365.7210,8831,
365.8210,9207,
365.9210,8853,
366.0210,5124,
366.1210,9319,
366.2210,2028,
366.3210,3124,
366.4210,5188,
366.5210,9436,
366.6210,5015,
366.7210,5184,
366.8210,1424,
366.9210,2137,
367.0210,9559,
367.1210,7300,
367.2210,9806,
367.3210,5435,
367.4210,6652,
367.5210,9312,
367.6210,9278,
367.7210,9204,
367.8210,4170,
367.9210,9288,
368.0210,7042,
368.1210,3127,
368.2210,695,
368.3210,8682,
368.4210,6057,
368.5210,575,
368.6210,5733,
368.7210,4775,
368.8210,6692,
368.9210,9216,
369.0210,9691,
369.1210,9011,
369.2210,3987,
369.3210,9119,
369.4210,1878,
369.5210,9345,
369.6210,8022,
369.7210,8886,
369.8210,7380,
369.9210,8732,
370.0210,9773,
370.1210,6881,
370.2210,5573,
370.3210,8478,
370.4210,8722,
370.5210,6837,
370.6210,1195,
370.7210,8366,
370.8210,7739,
370.9210,861,
371.0210,8447,
371.1210,1565,
371.2210,7792,
371.3210,9356,
371.4210,9528,
371.5210,5986,
371.6210,8773,
371.7210,8382,
371.8210,6865,
371.9210,5349,
372.0210,1847,
372.1210,2892,
372.2210,3486,
372.3210,7809,
372.4210,8524,
372.5210,8747,
372.6210,9648,
372.7210,6789,
372.8210,8472,
372.9210,9806,
373.0210,9207,
373.1210,7729,
373.2210,7564,
373.3210,1420,
373.4210,3347,
373.5210,1896,
373.6210,5198,
373.7210,966,
373.8210,6271,
373.9210,1559,
374.0210,2648,
374.1210,9155,
374.2210,8518,
374.3210,3090,
374.4210,7163,
374.5210,3725,
374.6210,4336,
374.7210,4966,
374.8210,969,
374.9210,1959,
375.0210,3664,
375.1210,5405,
375.2210,7490,
375.3210,7854,
375.4210,8259,
375.5210,9129,
375.6210,9147,
375.7210,6979,
375.8210,390,
375.9210,2541,
376.0210,4753,
376.1210,4576,
376.2210,1482,
376.3210,6753,
376.4210,2266,
376.5210,8609,
376.6210,6928,
376.7210,277,
376.8210,4676,
376.9210,7458,
377.0210,5085,
377.1210,5939,
377.2210,6775,
377.3210,7240,
377.4210,8516,
377.5210,7319,
377.6210,7039,
377.7210,9055,
377.8210,8563,
377.9210,3262,
378.0210,8644,
378.1210,1523,
378.2210,6386,
378.3210,8063,
378.4210,9144,
378.5210,7643,
378.6210,1322,
378.7210,3216,
378.8210,7149,
378.9210,2439,
379.0210,1488,
379.1210,7941,
379.2210,6328,
379.3210,7629,
379.4210,7475,
379.5210,4093,
379.6210,5201,
379.7210,4411,
379.8210,4093,
379.9210,4296,
380.0210,7029,
380.1210,6661,
380.2210,7650,
380.3210,6665,
380.4210,8176,
380.5210,6771,
380.6210,1286,
380.7210,3188,
380.8210,7777,
380.9210,8529,
381.0210,9161,
381.1210,9324,
381.2210,7296,
381.3210,6588,
381.4210,7855,
381.5210,5719,
381.6210,2199,
381.7210,7795,
381.8210,4023,
381.9210,3147,
382.0210,1430,
382.0440,214,Fe L
382.1440,5919,
382.2440,6653,
382.3440,6011,
382.4440,307,
382.5440,2347,
382.6440,3135,
382.7440,4138,
382.8440,4017,
382.9440,982,
383.0440,5758,
383.1440,4850,
383.2440,1274,
383.3440,4610,
383.4440,1751,
383.5440,2855,
383.6440,4216,
383.7440,3202,
383.8440,1241,
383.9440,3328,
384.0440,240,
384.1440,3673,
384.2440,7177,
384.3440,5066,
384.4440,5240,
384.5440,1221,
384.6440,2202,
384.7440,6132,
384.8440,8244,
384.9440,6144,
385.0440,5578,
385.1440,7718,
385.2440,2635,
385.3440,2892,
385.4440,5079,
385.5440,4766,
385.6440,1049,
385.7440,7192,
385.8440,4136,
385.9440,2532,
386.0440,2878,
386.1440,4140,
386.2440,5941,
386.3440,4406,
386.4440,7713,
386.5440,1779,
386.6440,3543,
386.7440,5700,
386.8440,4159,
386.9440,5667,
387.0440,6155,
387.1440,2243,
387.2440,1565,
387.3440,8710,
387.4440,9061,
387.5440,9245,
387.6440,4940,
387.7440,3627,
387.8440,1863,
387.9440,9190,
388.0440,2870,
388.1440,5890,
388.2440,6112,
388.3440,6685,
388.4440,4163,
388.5440,6128,
388.6440,1893,
388.7440,6156,
388.8440,1267,
388.9440,4377,
389.0440,5197,
389.1440,7212,
389.2440,8170,
389.3440,3023,
389.4440,8124,
389.5440,1712,
389.6440,5056,
389.7440,1546,
389.8440,5472,
389.9440,6168,
390.0440,4576,
390.1440,9076,
390.2440,4678,
390.3440,7704,
390.4440,8219,
390.5440,1573,
390.6440,1604,
390.7440,4255,
390.8440,7264,
390.9440,9505,
391.0440,7201,
391.1440,8713,
391.2440,8551,
391.3440,1205,
391.4440,3865,
391.5440,7523,
391.6440,4578,
391.7440,8925,
391.8440,1852,
391.9440,8765,
392.0440,5006,
392.1440,3550,
392.2440,5395,
392.3440,6809,
392.4440,6759,
392.5440,6116,
392.6440,3702,
392.7440,3465,
392.8440,3844,
392.9440,3047,
393.0440,1805,
393.1440,1723,
393.2440,1204,
393.3440,666,
393.3660,449,Ca+ K
393.4660,1122,
393.5660,1490,
393.6660,2231,
393.7660,2938,
393.8660,3563,
393.9660,4612,
394.0660,4566,
394.1660,6135,
394.2660,6370,
394.3660,4809,
394.4660,4309,
394.5660,7842,
394.6660,6136,
394.7660,5162,
394.8660,1425,
394.9660,8457,
395.0660,8903,
395.1660,7837,
395.2660,1920,
395.3660,8485,
395.4660,8428,
395.5660,7949,
395.6660,1076,
395.7660,6217,
395.8660,7931,
395.9660,7805,
396.0660,6592,
396.1660,1889,
396.2660,4796,
396.3660,2317,
396.4660,4271,
396.5660,3131,
396.6660,1232,
396.7660,1343,
396.8470,486,Ca+ H
396.9470,1466,
397.0470,1867,
397.1470,3237,
397.2470,2749,
397.3470,5096,
397.4470,2830,
397.5470,6682,
397.6470,7052,
397.7470,7622,
397.8470,2863,
397.9470,5561,
398.0470,8712,
398.1470,7962,
398.2470,2815,
398.3470,8841,
398.4470,8629,
398.5470,8179,
398.6470,8314,
398.7470,8116,
398.8470,6832,
398.9470,9141,
399.0470,8883,
399.1470,7181,
399.2470,8426,
399.3470,9470,
399.4470,5143,
399.5470,9359,
399.6470,9480,
399.7470,2119,
399.8470,5948,
399.9470,9539,
400.0000,9174,
400.1000,8651,
400.2000,9144,
400.3000,8975,
400.4000,8505,
400.5000,2659,
400.6000,8971,
400.7000,4425,
400.8000,6953,
400.9000,9110,
401.0000,8519,
401.1000,9257,
401.2000,8881,
401.3000,9778,
401.4000,8670,
401.5000,9098,
401.6000,8902,
401.7000,8229,
401.8000,7997,
401.9000,8487,
402.0000,5265,
402.1000,9543,
402.2000,8898,
402.3000,7811,
402.4000,4744,
402.5000,6114,
402.6000,9598,
402.7000,7985,
402.8000,9240,
402.9000,9688,
403.0000,9471,
403.1000,8216,
403.2000,5081,
403.3000,1694,
403.4000,8772,
403.5000,9083,
403.6000,8375,
403.7000,9734,
403.8000,9591,
403.9000,9130,
404.0000,8832,
404.1000,9496,
404.2000,9693,
404.3000,9672,
404.4000,3192,
404.5000,7363,
404.6000,1758,
404.7000,7521,
404.8000,9168,
404.9000,6842,
405.0000,9629,
405.1000,9310,
405.2000,6550,
405.3000,9025,
405.4000,9413,
405.5000,3725,
405.6000,7217,
405.7000,9051,
405.8000,7226,
405.9000,8231,
406.0000,9681,
406.1000,9697,
406.2000,7135,
406.3000,7682,
406.4000,5339,
406.5000,9061,
406.6000,7995,
406.7000,1369,
406.8000,1012,
406.9000,8058,
407.0000,8571,
407.1000,7981,
407.2000,4251,
407.3000,9439,
407.4000,9100,
407.5000,9222,
407.6000,6869,
407.7000,9231,
407.8000,6855,
407.9000,9085,
408.0000,9466,
408.1000,9706,
408.2000,9342,
408.3000,7226,
408.4000,8049,
408.5000,1281,
408.6000,4703,
408.7000,9322,
408.8000,9352,
408.9000,8823,
409.0000,7365,
409.1000,7582,
409.2000,9060,
409.3000,9270,
409.4000,9606,
409.5000,6372,
409.6000,2307,
409.7000,6195,
409.8000,7759,
409.9000,7971,
410.0000,6828,
410.1000,6076,
410.1750,2082,Hdelta h
410.2750,6729,
410.3750,8122,
410.4750,6731,
410.5750,9123,
410.6750,8548,
410.7750,9194,
410.8750,9659,
410.9750,3364,
411.0750,9013,
411.1750,2716,
411.2750,7842,
411.3750,9604,
411.4750,9168,
411.5750,9692,
411.6750,8193,
411.7750,8670,
411.8750,1725,
411.9750,8895,
412.0750,9167,
412.1750,6724,
412.2750,8747,
412.3750,1558,
412.4750,7830,
412.5750,8939,
412.6750,9773,
412.7750,4901,
412.8750,4355,
412.9750,6595,
413.0750,9175,
413.1750,5891,
413.2750,7220,
413.3750,7702,
413.4750,6465,
413.5750,7301,
413.6750,9293,
413.7750,8914,
413.8750,8746,
413.9750,9504,
414.0750,8030,
414.1750,8828,
414.2750,8817,
414.3750,2988,
414.4750,8377,
414.5750,4523,
414.6750,8918,
414.7750,7685,
414.8750,8244,
414.9750,4025,
415.0750,8812,
415.1750,6113,
415.2750,7186,
415.3750,8380,
415.4750,4600,
415.5750,9405,
415.6750,4053,
415.7750,2450,
415.8750,4323,
415.9750,9634,
416.0750,8065,
416.1750,8772,
416.2750,9486,
416.3750,9003,
416.4750,8070,
416.5750,9359,
416.6750,8618,
416.7750,6924,
416.8750,9550,
416.9750,3805,
417.0750,9477,
417.1750,7048,
417.2750,1020,
417.3750,9459,
417.4750,9039,
417.5750,8682,
417.6750,9427,
417.7750,8087,
417.8750,9487,
417.9750,9669,
418.0750,6637,
418.1750,771,
418.2750,2957,
418.3750,7898,
418.4750,9482,
418.5750,8219,
418.6750,8484,
418.7750,2141,
418.8750,1617,
418.9750,9423,
419.0750,6100,
419.1750,6897,
419.2750,9712,
419.3750,8413,
419.4750,5214,
419.5750,9628,
419.6750,8073,
419.7750,8736,
419.8750,8089,
419.9750,9233,
420.0750,4701,
420.1750,4664,
420.2750,2803,
420.3750,9291,
420.4750,3105,
420.5750,9666,
420.6750,5892,
420.7750,9546,
420.8750,9271,
420.9750,6573,
421.0750,9438,
421.1750,7787,
421.2750,8818,
421.3750,9232,
421.4750,9207,
421.5750,6543,
421.6750,9863,
421.7750,9374,
421.8750,3565,
421.9750,9355,
422.0750,9651,
422.1750,9619,
422.2750,8030,
422.3750,6964,
422.4750,8917,
422.5750,5657,
422.6750,246,
422.7750,4984,
422.8750,7732,
422.9750,2103,
423.0750,9750,
423.1750,8675,
423.2750,3637,
423.3750,6891,
423.4750,9591,
423.5750,4633,
423.6750,6665,
423.7750,8983,
423.8750,3754,
423.9750,1888,
424.0750,7425,
424.1750,9749,
424.2750,3156,
424.3750,8833,
424.4750,9320,
424.5750,9524,
424.6750,5892,
424.7750,6221,
424.8750,4128,
424.9750,8456,
425.0750,1232,
425.1750,8215,
425.2750,5466,
425.3750,5892,
425.4750,8766,
425.5750,8721,
425.6750,9118,
425.7750,9433,
425.8750,5629,
425.9750,6337,
426.0750,3193,
426.1750,4016,
426.2750,8052,
426.3750,9585,
426.4750,3383,
426.5750,9586,
426.6750,6127,
426.7750,2747,
426.8750,2085,
426.9750,4255,
427.0750,7905,
427.1750,459,
427.2750,8874,
427.3750,5186,
427.4750,1746,
427.5750,6948,
427.6750,8288,
427.7750,9477,
427.8750,8849,
427.9750,3426,
428.0750,5787,
428.1750,9585,
428.2750,5644,
428.3750,9408,
428.4750,8102,
428.5750,7609,
428.6750,9709,
428.7750,9421,
428.8750,2772,
428.9750,578,
429.0750,9664,
429.1750,8885,
429.2750,9584,
429.3750,8655,
429.4750,4613,
429.5750,2150,
429.6750,4891,
429.7750,5582,
429.8750,4605,
429.9750,5652,
430.0750,3855,
430.1750,4425,
430.2750,2450,
430.3750,4576,
430.4750,6241,
430.5750,4453,
430.6750,3402,
430.7740,798,Ca G
430.7900,446,Fe G
430.8900,2859,
430.9900,4608,
431.0900,4492,
431.1900,7917,
431.2900,1919,
431.3900,8728,
431.4900,6926,
431.5900,9127,
431.6900,9309,
431.7900,9718,
431.8900,9200,
431.9900,9744,
432.0900,6698,
432.1900,9737,
432.2900,9228,
432.3900,3863,
432.4900,6994,
432.5900,2234,
432.6900,6469,
432.7900,3304,
432.8900,9399,
432.9900,8641,
433.0900,8097,
433.1900,9746,
433.2900,6112,
433.3900,7695,
433.4900,8674,
433.5900,8850,
433.6900,7736,
433.7900,1621,
433.8900,7281,
433.9900,5628,
434.0470,1674,Hgamma G'
434.1470,6152,
434.2470,7997,
434.3470,6453,
434.4470,3212,
434.5470,9268,
434.6470,9109,
434.7470,9066,
434.8470,8930,
434.9470,9818,
435.0470,9431,
435.1470,8592,
435.2470,8825,
435.3470,7994,
435.4470,7146,
435.5470,9484,
435.6470,9766,
435.7470,8126,
435.8470,4920,
435.9470,5404,
436.0470,5023,
436.1470,9809,
436.2470,8197,
436.3470,7233,
436.4470,9761,
436.5470,8870,
436.6470,5701,
436.7470,6720,
436.8470,9749,
436.9470,8178,
437.0470,9798,
437.1470,7074,
437.2470,8744,
437.3470,9433,
437.4470,1242,
437.5470,7949,
437.6470,9442,
437.7470,9428,
437.8470,8432,
437.9470,9742,
438.0470,6713,
438.1470,9369,
438.2470,7085,
438.3470,1486,
438.3550,381,Fe e
438.4550,5066,
438.5550,9040,
438.6550,9145,
438.7550,6601,
438.8550,8701,
438.9550,7511,
439.0550,5509,
439.1550,7300,
439.2550,7327,
439.3550,5678,
439.4550,9746,
439.5550,7189,
439.6550,9676,
439.7550,9823,
439.8550,8199,
439.9550,7830,
440.0550,5564,
440.1550,1287,
440.2550,9648,
440.3550,8813,
440.4550,3168,
440.5550,8341,
440.6550,8527,
440.7550,8715,
440.8550,4605,
440.9550,6886,
441.0550,5464,
441.1550,9700,
441.2550,9834,
441.3550,8129,
441.4550,7661,
441.5550,1548,
441.6550,8692,
441.7550,8985,
441.8550,9303,
441.9550,9646,
442.0550,8845,
442.1550,6840,
442.2550,1824,
442.3550,9836,
442.4550,7901,
442.5550,7281,
442.6550,9703,
442.7550,9353,
442.8550,6678,
442.9550,9791,
443.0550,6161,
443.1550,9349,
443.2550,4877,
443.3550,9166,
443.4550,9238,
443.5550,7775,
443.6550,9435,
443.7550,6801,
443.8550,9566,
443.9550,9781,
444.0550,8650,
444.1550,7842,
444.2550,9246,
444.3550,9822,
444.4550,3142,
444.5550,9658,
444.6550,9772,
444.7550,8868,
444.8550,9818,
444.9550,9357,
445.0550,7824,
445.1550,3664,
445.2550,9139,
445.3550,9476,
445.4550,8331,
445.5550,9810,
445.6550,8100,
445.7550,2807,
445.8550,5683,
445.9550,9451,
446.0550,9480,
446.1550,8324,
446.2550,9225,
446.3550,8182,
446.4550,9215,
446.5550,9740,
446.6550,1090,
446.7550,8431,
446.8550,4158,
446.9550,6489,
447.0550,7875,
447.1550,8613,
447.2550,9713,
447.3550,9779,
447.4550,8682,
447.5550,9663,
447.6550,9714,
447.7550,9617,
447.8550,9467,
447.9550,8403,
448.0550,7340,
448.1550,8512,
448.2550,9514,
448.3550,9629,
448.4550,9601,
448.5550,9244,
448.6550,9639,
448.7550,9744,
448.8550,9902,
448.9550,9586,
449.0550,7271,
449.1550,9694,
449.2550,9044,
449.3550,7054,
449.4550,1215,
449.5550,7238,
449.6550,9218,
449.7550,9602,
449.8550,9391,
449.9550,9869,
450.0550,9675,
450.1550,9674,
450.2550,8871,
450.3550,9905,
450.4550,9783,
450.5550,9887,
450.6550,9660,
450.7550,9884,
450.8550,9772,
450.9550,9774,
451.0550,9879,
451.1550,9261,
451.2550,9804,
451.3550,9430,
451.4550,8739,
451.5550,9338,
451.6550,9802,
451.7550,3856,
451.8550,8521,
451.9550,9851,
452.0550,9308,
452.1550,9895,
452.2550,6076,
452.3550,9860,
452.4550,9872,
452.5550,9747,
452.6550,4041,
452.7550,9640,
452.8550,2951,
452.9550,2682,
453.0550,9797,
453.1550,8806,
453.2550,9880,
453.3550,9753,
453.4550,9579,
453.5550,2779,
453.6550,9433,
453.7550,9905,
453.8550,9163,
453.9550,9107,
454.0550,7967,
454.1550,5106,
454.2550,9614,
454.3550,9859,
454.4550,8917,
454.5550,9771,
454.6550,9691,
454.7550,9836,
454.8550,9350,
454.9550,4646,
455.0550,9761,
455.1550,9787,
455.2550,3011,
455.3550,9888,
455.4550,9204,
455.5550,8270,
455.6550,9721,
455.7550,9799,
455.8550,9292,
455.9550,9829,
456.0550,9722,
456.1550,9767,
456.2550,9854,
456.3550,9722,
456.4550,8391,
456.5550,4950,
456.6550,6701,
456.7550,9857,
456.8550,9588,
456.9550,8366,
457.0550,9814,
457.1550,9657,
457.2550,9643,
457.3550,9862,
457.4550,9864,
457.5550,8904,
457.6550,9300,
457.7550,9732,
457.8550,2278,
457.9550,9713,
458.0550,7303,
458.1550,4011,
458.2550,9764,
458.3550,9761,
458.4550,9882,
458.5550,9680,
458.6550,9903,
458.7550,9575,
458.8550,9806,
458.9550,9759,
459.0550,9827,
459.1550,7602,
459.2550,3335,
459.3550,7398,
459.4550,9688,
459.5550,8374,
459.6550,9485,
459.7550,9624,
459.8550,9779,
459.9550,9797,
460.0550,9749,
460.1550,9595,
460.2550,9530,
460.3550,9923,
460.4550,5001,
460.5550,6817,
460.6550,9753,
460.7550,8899,
460.8550,9872,
460.9550,9842,
461.0550,9819,
461.1550,9495,
461.2550,9618,
461.3550,9592,
461.4550,9321,
461.5550,6483,
461.6550,9084,
461.7550,9801,
461.8550,9842,
461.9550,5989,
462.0550,6609,
462.1550,9767,
462.2550,8827,
462.3550,8791,
462.4550,9142,
462.5550,9901,
462.6550,7324,
462.7550,8140,
462.8550,9677,
462.9550,9008,
463.0550,7987,
463.1550,9723,
463.2550,9853,
463.3550,9757,
463.4550,9834,
463.5550,8975,
463.6550,9804,
463.7550,4804,
463.8550,9087,
463.9550,9024,
464.0550,9404,
464.1550,9510,
464.2550,9262,
464.3550,8666,
464.4550,8899,
464.5550,9027,
464.6550,8999,
464.7550,8953,
464.8550,9019,
464.9550,9032,
465.0550,8953,
465.1550,9643,
465.2550,9786,
465.3550,9504,
465.4550,3940,
465.5550,9627,
465.6550,8905,
465.7550,8156,
465.8550,9606,
465.9550,9738,
466.0550,9715,
466.1550,5838,
466.2550,9495,
466.3550,9548,
466.4550,9749,
466.5550,9049,
466.6550,8059,
466.7550,5006,
466.8140,1650,Fe d
466.9140,4630,
467.0140,7780,
467.1140,9858,
467.2140,9543,
467.3140,4202,
467.4140,7987,
467.5140,7267,
467.6140,9420,
467.7140,9889,
467.8140,5248,
467.9140,8970,
468.0140,4537,
468.1140,9879,
468.2140,6106,
468.3140,9836,
468.4140,9276,
468.5140,9262,
468.6140,8811,
468.7140,9560,
468.8140,7200,
468.9140,9836,
469.0140,3368,
469.1140,9706,
469.2140,9710,
469.3140,8968,
469.4140,8877,
469.5140,8089,
469.6140,9691,
469.7140,9369,
469.8140,9379,
469.9140,9534,
470.0140,4328,
470.1140,8375,
470.2140,9223,
470.3140,5509,
470.4140,9334,
470.5140,9372,
470.6140,9210,
470.7140,8774,
470.8140,9511,
470.9140,7266,
471.0140,8801,
471.1140,9719,
471.2140,8488,
471.3140,8889,
471.4140,8178,
471.5140,9180,
471.6140,9631,
471.7140,9468,
471.8140,9760,
471.9140,9735,
472.0140,9421,
472.1140,9339,
472.2140,4175,
472.3140,7689,
472.4140,9812,
472.5140,9854,
472.6140,7721,
472.7140,6656,
472.8140,8172,
472.9140,9357,
473.0140,8889,
473.1140,9021,
473.2140,9657,
473.3140,9835,
473.4140,7981,
473.5140,9810,
473.6140,9469,
473.7140,9533,
473.8140,9836,
473.9140,4813,
474.0140,8714,
474.1140,9190,
474.2140,9509,
474.3140,9432,
474.4140,9717,
474.5140,8316,
474.6140,9661,
474.7140,9804,
474.8140,3030,
474.9140,9758,
475.0140,9865,
475.1140,8703,
475.2140,6810,
475.3140,9681,
475.4140,8163,
475.5140,8898,
475.6140,4341,
475.7140,9903,
475.8140,5556,
475.9140,9827,
476.0140,9744,
476.1140,8692,
476.2140,9655,
476.3140,9853,
476.4140,9795,
476.5140,9490,
476.6140,9800,
476.7140,9552,
476.8140,9510,
476.9140,9853,
477.0140,9690,
477.1140,8702,
477.2140,9563,
477.3140,8514,
477.4140,9773,
477.5140,9197,
477.6140,9445,
477.7140,9784,
477.8140,9862,
477.9140,9782,
478.0140,9727,
478.1140,9888,
478.2140,9697,
478.3140,9428,
478.4140,9675,
478.5140,9718,
478.6140,9690,
478.7140,9702,
478.8140,9811,
478.9140,9782,
479.0140,9842,
479.1140,6980,
479.2140,9663,
479.3140,9866,
479.4140,9903,
479.5140,9863,
479.6140,8619,
479.7140,9543,
479.8140,9739,
479.9140,9844,
480.0140,8117,
480.1140,9666,
480.2140,9884,
480.3140,9854,
480.4140,9684,
480.5140,5780,
480.6140,9915,
480.7140,9599,
480.8140,6811,
480.9140,8204,
481.0140,9788,
481.1140,9695,
481.2140,9798,
481.3140,8107,
481.4140,9899,
481.5140,9747,
481.6140,9425,
481.7140,9873,
481.8140,9661,
481.9140,9363,
482.0140,9885,
482.1140,6941,
482.2140,9803,
482.3140,9367,
482.4140,3037,
482.5140,9836,
482.6140,9872,
482.7140,9821,
482.8140,9806,
482.9140,9138,
483.0140,9904,
483.1140,5742,
483.2140,9712,
483.3140,9393,
483.4140,9422,
483.5140,9927,
483.6140,8949,
483.7140,9854,
483.8140,9453,
483.9140,9602,
484.0140,9518,
484.1140,9701,
484.2140,9595,
484.3140,3278,
484.4140,9522,
484.5140,9438,
484.6140,9462,
484.7140,9577,
484.8140,9396,
484.9140,7273,
485.0140,9449,
485.1140,9404,
485.2140,9402,
485.3140,9203,
485.4140,8886,
485.5140,8356,
485.6140,8255,
485.7140,8363,
485.8140,7309,
485.9140,5493,
486.0140,6635,
486.1140,2109,
486.1340,1447,Hbeta F
486.2340,6473,
486.3340,7612,
486.4340,4209,
486.5340,8476,
486.6340,7101,
486.7340,8970,
486.8340,8186,
486.9340,9194,
487.0340,9226,
487.1340,1154,
487.2340,8321,
487.3340,9036,
487.4340,7339,
487.5340,9433,
487.6340,8363,
487.7340,9614,
487.8340,8015,
487.9340,9792,
488.0340,9806,
488.1340,9826,
488.2340,9473,
488.3340,9800,
488.4340,9789,
488.5340,9256,
488.6340,2674,
488.7340,8583,
488.8340,9826,
488.9340,9877,
489.0340,9180,
489.1340,5625,
489.2340,9691,
489.3340,9842,
489.4340,9571,
489.5340,9885,
489.6340,9574,
489.7340,9458,
489.8340,9738,
489.9340,9833,
490.0340,9892,
490.1340,9859,
490.2340,9470,
490.3340,1872,
490.4340,7990,
490.5340,9747,
490.6340,9861,
490.7340,9793,
490.8340,9756,
490.9340,6910,
491.0340,2943,
491.1340,9400,
491.2340,9785,
491.3340,9796,
491.4340,9740,
491.5340,9826,
491.6340,9822,
491.7340,9110,
491.8340,4588,
491.9340,9027,
492.0340,4964,
492.1340,9598,
492.2340,8487,
492.3340,9597,
492.4340,8997,
492.5340,9171,
492.6340,9899,
492.7340,9142,
492.8340,6538,
492.9340,9894,
493.0340,4478,
493.1340,9878,
493.2340,9899,
493.3340,2985,
493.4340,9213,
493.5340,9905,
493.6340,4916,
493.7340,3224,
493.8340,8603,
493.9340,8729,
494.0340,9771,
494.1340,9658,
494.2340,9709,
494.3340,9841,
494.4340,9452,
494.5340,9637,
494.6340,5637,
494.7340,9765,
494.8340,8965,
494.9340,9648,
495.0340,9577,
495.1340,9866,
495.2340,8971,
495.3340,9710,
495.4340,9761,
495.5340,9848,
495.6340,9673,
495.7340,1604,
495.7610,794,Fe c
495.8610,9524,
495.9610,9831,
496.0610,9800,
496.1610,9851,
496.2610,6219,
496.3610,9827,
496.4610,9871,
496.5610,9561,
496.6610,9290,
496.7610,9666,
496.8610,6787,
496.9610,9849,
497.0610,7999,
497.1610,9811,
497.2610,9807,
497.3610,9815,
497.4610,9805,
497.5610,9780,
497.6610,9846,
497.7610,8467,
497.8610,2622,
497.9610,8157,
498.0610,9767,
498.1610,9003,
498.2610,7812,
498.3610,9127,
498.4610,7922,
498.5610,6381,
498.6610,9802,
498.7610,9548,
498.8610,9737,
498.9610,9786,
499.0610,9782,
499.1610,9796,
499.2610,9878,
499.3610,9452,
499.4610,9744,
499.5610,9066,
499.6610,9730,
499.7610,9837,
499.8610,9867,
499.9610,8978,
500.0000,9753,
500.1000,6140,
500.2000,8455,
500.3000,9657,
500.4000,7528,
500.5000,9821,
500.6000,6183,
500.7000,9396,
500.8000,9732,
500.9000,9898,
501.0000,6885,
501.1000,8548,
501.2000,6014,
501.3000,9768,
501.4000,9563,
501.5000,5184,
501.6000,9438,
501.7000,9377,
501.8000,8795,
501.9000,9777,
502.0000,3675,
502.1000,9113,
502.2000,8983,
502.3000,9680,
502.4000,9519,
502.5000,9579,
502.6000,9870,
502.7000,8943,
502.8000,9340,
502.9000,9621,
503.0000,9368,
503.1000,3506,
503.2000,9273,
503.3000,9828,
503.4000,9802,
503.5000,9625,
503.6000,5072,
503.7000,9514,
503.8000,9886,
503.9000,9081,
504.0000,6129,
504.1000,4871,
504.2000,9685,
504.3000,9781,
504.4000,9602,
504.5000,9811,
504.6000,9884,
504.7000,9752,
504.8000,8179,
504.9000,9625,
505.0000,9059,
505.1000,9271,
505.2000,9508,
505.3000,8505,
505.4000,9640,
505.5000,9897,
505.6000,7949,
505.7000,9687,
505.8000,7241,
505.9000,9684,
506.0000,8325,
506.1000,9896,
506.2000,9825,
506.3000,9776,
506.4000,9746,
506.5000,2423,
506.6000,8070,
506.7000,9595,
506.8000,9748,
506.9000,9443,
507.0000,8859,
507.1000,9769,
507.2000,7752,
507.3000,9391,
507.4000,9680,
507.5000,9261,
507.6000,9722,
507.7000,9739,
507.8000,9850,
507.9000,2858,
508.0000,7177,
508.1000,8728,
508.2000,9865,
508.3000,8923,
508.4000,8339,
508.5000,9541,
508.6000,9838,
508.7000,9067,
508.8000,9256,
508.9000,8522,
509.0000,9844,
509.1000,9615,
509.2000,9875,
509.3000,9909,
509.4000,9139,
509.5000,9450,
509.6000,9679,
509.7000,2297,
509.8000,9785,
509.9000,8449,
510.0000,8031,
510.1000,9561,
510.2000,9819,
510.3000,6959,
510.4000,7667,
510.5000,9660,
510.6000,9717,
510.7000,9823,
510.8000,9403,
510.9000,9610,
511.0000,9371,
511.1000,9707,
511.2000,9915,
511.3000,9598,
511.4000,9750,
511.5000,9769,
511.6000,9716,
511.7000,9780,
511.8000,9312,
511.9000,9897,
512.0000,9881,
512.1000,9668,
512.2000,9790,
512.3000,8839,
512.4000,8918,
512.5000,8637,
512.6000,9273,
512.7000,9482,
512.8000,9360,
512.9000,9496,
513.0000,9768,
513.1000,9811,
513.2000,9883,
513.3000,9787,
513.4000,9524,
513.5000,9851,
513.6000,9656,
513.7000,7618,
513.8000,9764,
513.9000,9172,
514.0000,9653,
514.1000,9789,
514.2000,9857,
514.3000,7747,
514.4000,9670,
514.5000,9665,
514.6000,9745,
514.7000,9526,
514.8000,6062,
514.9000,9811,
515.0000,9753,
515.1000,9427,
515.2000,8799,
515.3000,9728,
515.4000,7916,
515.5000,9631,
515.6000,9287,
515.7000,9421,
515.8000,8243,
515.9000,7143,
516.0000,9744,
516.1000,9084,
516.2000,9242,
516.3000,9340,
516.4000,9154,
516.5000,7841,
516.6000,9189,
516.7000,5561,
516.7330,892,Mg b4
516.8330,8665,
516.8910,1602,Fe b3
516.9910,9469,
517.0910,9032,
517.1910,7023,
517.2700,675,Mg b2
517.3700,5101,
517.4700,9305,
517.5700,9423,
517.6700,9557,
517.7700,9706,
517.8700,9564,
517.9700,9451,
518.0700,9401,
518.1700,8676,
518.2700,6622,
518.3620,610,Mg b1
518.4620,6715,
518.5620,9277,
518.6620,9480,
518.7620,9809,
518.8620,6716,
518.9620,9763,
519.0620,9796,
519.1620,7558,
519.2620,8085,
519.3620,9741,
519.4620,9707,
519.5620,9230,
519.6620,8525,
519.7620,6541,
519.8620,8656,
519.9620,9588,
520.0620,9847,
520.1620,9803,
520.2620,9739,
520.3620,9831,
520.4620,3880,
520.5620,9593,
520.6620,9439,
520.7620,9564,
520.8620,2106,
520.9620,9782,
521.0620,9783,
521.1620,9595,
521.2620,9245,
521.3620,9820,
521.4620,7857,
521.5620,8723,
521.6620,9636,
521.7620,9629,
521.8620,9877,
521.9620,9561,
522.0620,9909,
522.1620,9814,
522.2620,9073,
522.3620,8367,
522.4620,9432,
522.5620,9325,
522.6620,7726,
522.7620,9280,
522.8620,9599,
522.9620,9580,
523.0620,9510,
523.1620,9564,
523.2620,8433,
523.3620,9563,
523.4620,2755,
523.5620,9823,
523.6620,9759,
523.7620,9917,
523.8620,9163,
523.9620,9890,
524.0620,9861,
524.1620,9890,
524.2620,9551,
524.3620,9776,
524.4620,9769,
524.5620,9154,
524.6620,9605,
524.7620,6722,
524.8620,9901,
524.9620,9144,
525.0620,2827,
525.1620,9711,
525.2620,9829,
525.3620,9590,
525.4620,9360,
525.5620,8986,
525.6620,9858,
525.7620,8034,
525.8620,9841,
525.9620,9901,
526.0620,9455,
526.1620,7603,
526.2620,8762,
526.3620,9635,
526.4620,9886,
526.5620,6012,
526.6620,3930,
526.7620,9654,
526.8620,7168,
526.9620,2548,
527.0390,1627,Fe E2
527.1390,9721,
527.2390,8922,
527.3390,2600,
527.4390,9567,
527.5390,9403,
527.6390,9758,
527.7390,9768,
527.8390,9795,
527.9390,9899,
528.0390,6752,
528.1390,9551,
528.2390,7938,
528.3390,8289,
528.4390,8070,
528.5390,9808,
528.6390,9892,
528.7390,9834,
528.8390,9592,
528.9390,9809,
529.0390,9877,
529.1390,9896,
529.2390,9825,
529.3390,9502,
529.4390,9862,
529.5390,9563,
529.6390,9834,
529.7390,3192,
529.8390,8220,
529.9390,9898,
530.0390,9427,
530.1390,9831,
530.2390,7061,
530.3390,9764,
530.4390,9894,
530.5390,9830,
530.6390,9881,
530.7390,2903,
530.8390,8260,
530.9390,9900,
531.0390,9808,
531.1390,9847,
531.2390,9918,
531.3390,9757,
531.4390,9892,
531.5390,9889,
531.6390,9719,
531.7390,9892,
531.8390,9160,
531.9390,9835,
532.0390,9814,
532.1390,9869,
532.2390,9842,
532.3390,9634,
532.4390,7621,
532.5390,9740,
532.6390,9779,
532.7390,9488,
532.8390,6089,
532.9390,9765,
533.0390,9838,
533.1390,9325,
533.2390,9715,
533.3390,9783,
533.4390,9853,
533.5390,9892,
533.6390,9826,
533.7390,9856,
533.8390,9416,
533.9390,9153,
534.0390,9340,
534.1390,9628,
534.2390,9916,
534.3390,6409,
534.4390,9609,
534.5390,9858,
534.6390,9748,
534.7390,9882,
534.8390,7375,
534.9390,7321,
535.0390,9621,
535.1390,9862,
535.2390,9820,
535.3390,2802,
535.4390,9911,
535.5390,9849,
535.6390,9876,
535.7390,9837,
535.8390,9897,
535.9390,9873,
536.0390,9870,
536.1390,9538,
536.2390,9926,
536.3390,9895,
536.4390,9555,
536.5390,2892,
536.6390,9354,
536.7390,5721,
536.8390,9581,
536.9390,9550,
537.0390,9386,
537.1390,3956,
537.2390,9799,
537.3390,9881,
537.4390,9764,
537.5390,9859,
537.6390,9813,
537.7390,9857,
537.8390,9868,
537.9390,9850,
538.0390,9122,
538.1390,9866,
538.2390,9643,
538.3390,1763,
538.4390,9869,
538.5390,9918,
538.6390,9022,
538.7390,9792,
538.8390,9320,
538.9390,8582,
539.0390,8834,
539.1390,7641,
539.2390,9546,
539.3390,8875,
539.4390,9781,
539.5390,9770,
539.6390,9802,
539.7390,9165,
539.8390,9316,
539.9390,9145,
540.0390,8013,
540.1390,9741,
540.2390,9917,
540.3390,9798,
540.4390,8949,
540.5390,6914,
540.6390,9336,
540.7390,6818,
540.8390,9781,
540.9390,9803,
541.0390,9585,
541.1390,9506,
541.2390,9896,
541.3390,9735,
541.4390,9793,
541.5390,8527,
541.6390,9799,
541.7390,9866,
541.8390,9854,
541.9390,9714,
542.0390,6246,
542.1390,9323,
542.2390,9733,
542.3390,9550,
542.4390,9188,
542.5390,9751,
542.6390,9886,
542.7390,9863,
542.8390,9791,
542.9390,8262,
543.0390,9136,
543.1390,9757,
543.2390,9817,
543.3390,9265,
543.4390,8025,
543.5390,9848,
543.6390,9457,
543.7390,9909,
543.8390,9815,
543.9390,9880,
544.0390,9877,
544.1390,8794,
544.2390,9036,
544.3390,9583,
544.4390,9841,
544.5390,9738,
544.6390,9480,
544.7390,9649,
544.8390,8501,
544.9390,9909,
545.0390,9915,
545.1390,9846,
545.2390,9890,
545.3390,9883,
545.4390,9874,
545.5390,5161,
545.6390,9609,
545.7390,9542,
545.8390,9900,
545.9390,9619,
546.0390,9423,
546.0730,9756,Hg e
546.1730,9868,
546.2730,9696,
546.3730,9748,
546.4730,9878,
546.5730,9857,
546.6730,9798,
546.7730,9677,
546.8730,9876,
546.9730,9854,
547.0730,8784,
547.1730,9904,
547.2730,6422,
547.3730,9380,
547.4730,9790,
547.5730,9710,
547.6730,8387,
547.7730,8415,
547.8730,9818,
547.9730,9843,
548.0730,8902,
548.1730,9638,
548.2730,9859,
548.3730,9803,
548.4730,9864,
548.5730,9607,
548.6730,9744,
548.7730,3185,
548.8730,9771,
548.9730,9608,
549.0730,8620,
549.1730,9777,
549.2730,9840,
549.3730,9664,
549.4730,9549,
549.5730,9741,
549.6730,9803,
549.7730,9731,
549.8730,9837,
549.9730,9907,
550.0730,9737,
550.1730,9394,
550.2730,9767,
550.3730,9725,
550.4730,9870,
550.5730,9519,
550.6730,3782,
550.7730,9765,
550.8730,9715,
550.9730,9654,
551.0730,8482,
551.1730,9707,
551.2730,9707,
551.3730,9851,
551.4730,9673,
551.5730,9812,
551.6730,7684,
551.7730,9859,
551.8730,9818,
551.9730,9735,
552.0730,9909,
552.1730,9894,
552.2730,9862,
552.3730,9767,
552.4730,9768,
552.5730,9518,
552.6730,8636,
552.7730,9629,
552.8730,8805,
552.9730,9745,
553.0730,9137,
553.1730,9886,
553.2730,6364,
553.3730,9822,
553.4730,9493,
553.5730,9831,
553.6730,9885,
553.7730,8349,
553.8730,9808,
553.9730,9694,
554.0730,9589,
554.1730,9811,
554.2730,9913,
554.3730,9822,
554.4730,9769,
554.5730,9882,
554.6730,9515,
554.7730,9711,
554.8730,9859,
554.9730,9689,
555.0730,9904,
555.1730,9613,
555.2730,9535,
555.3730,8818,
555.4730,9303,
555.5730,9480,
555.6730,9810,
555.7730,9773,
555.8730,9724,
555.9730,9714,
556.0730,9838,
556.1730,9665,
556.2730,4502,
556.3730,7529,
556.4730,9906,
556.5730,3859,
556.6730,9396,
556.7730,9422,
556.8730,9841,
556.9730,7273,
557.0730,9801,
557.1730,9912,
557.2730,6329,
557.3730,9592,
557.4730,9935,
557.5730,9735,
557.6730,9852,
557.7730,9906,
557.8730,4530,
557.9730,9824,
558.0730,9882,
558.1730,9567,
558.2730,9599,
558.3730,9915,
558.4730,7817,
558.5730,9757,
558.6730,2156,
558.7730,9706,
558.8730,1931,
558.9730,9792,
559.0730,9304,
559.1730,9880,
559.2730,9843,
559.3730,5724,
559.4730,8707,
559.5730,9838,
559.6730,9878,
559.7730,9868,
559.8730,9704,
559.9730,9914,
560.0730,9668,
560.1730,9444,
560.2730,5089,
560.3730,8470,
560.4730,9908,
560.5730,9872,
560.6730,9873,
560.7730,9570,
560.8730,9810,
560.9730,9766,
561.0730,9881,
561.1730,9833,
561.2730,9921,
561.3730,9700,
561.4730,7732,
561.5730,4050,
561.6730,9645,
561.7730,9660,
561.8730,9428,
561.9730,9808,
562.0730,9878,
562.1730,9870,
562.2730,9758,
562.3730,9894,
562.4730,9193,
562.5730,8806,
562.6730,9730,
562.7730,9573,
562.8730,9748,
562.9730,9883,
563.0730,9889,
563.1730,9418,
563.2730,9821,
563.3730,9529,
563.4730,9683,
563.5730,9650,
563.6730,8534,
563.7730,9592,
563.8730,9034,
563.9730,9904,
564.0730,9820,
564.1730,9632,
564.2730,9020,
564.3730,9824,
564.4730,9850,
564.5730,9616,
564.6730,9545,
564.7730,9863,
564.8730,9903,
564.9730,8140,
565.0730,7929,
565.1730,9856,
565.2730,9886,
565.3730,9778,
565.4730,9462,
565.5730,9768,
565.6730,9945,
565.7730,9831,
565.8730,6448,
565.9730,9865,
566.0730,9038,
566.1730,9914,
566.2730,9665,
566.3730,9679,
566.4730,9871,
566.5730,9784,
566.6730,8714,
566.7730,9756,
566.8730,9815,
566.9730,8420,
567.0730,9815,
567.1730,9630,
567.2730,9867,
567.3730,9897,
567.4730,9803,
567.5730,9249,
567.6730,9864,
567.7730,9551,
567.8730,9852,
567.9730,9876,
568.0730,9907,
568.1730,9825,
568.2730,7977,
568.3730,9817,
568.4730,9805,
568.5730,9896,
568.6730,9763,
568.7730,9748,
568.8730,9665,
568.9730,9862,
569.0730,9855,
569.1730,9559,
569.2730,9858,
569.3730,9237,
569.4730,8215,
569.5730,9904,
569.6730,9797,
569.7730,9896,
569.8730,9836,
569.9730,9926,
570.0730,9781,
570.1730,9804,
570.2730,9771,
570.3730,9714,
570.4730,7910,
570.5730,9937,
570.6730,8905,
570.7730,9729,
570.8730,9789,
570.9730,9670,
571.0730,9770,
571.1730,9404,
571.2730,9167,
571.3730,9917,
571.4730,9880,
571.5730,9863,
571.6730,9901,
571.7730,9280,
571.8730,9893,
571.9730,9871,
572.0730,9860,
572.1730,9481,
572.2730,9909,
572.3730,9526,
572.4730,9908,
572.5730,9885,
572.6730,9887,
572.7730,9707,
572.8730,9926,
572.9730,9885,
573.0730,9910,
573.1730,6334,
573.2730,9628,
573.3730,9898,
573.4730,9862,
573.5730,9493,
573.6730,9878,
573.7730,9840,
573.8730,9901,
573.9730,9821,
574.0730,9892,
574.1730,9822,
574.2730,9878,
574.3730,9897,
574.4730,9839,
574.5730,9863,
574.6730,9780,
574.7730,8603,
574.8730,9834,
574.9730,9866,
575.0730,9885,
575.1730,9889,
575.2730,9845,
575.3730,8670,
575.4730,8079,
575.5730,9894,
575.6730,9599,
575.7730,9842,
575.8730,9692,
575.9730,9905,
576.0730,9636,
576.1730,9813,
576.2730,9554,
576.3730,9832,
576.4730,9864,
576.5730,9907,
576.6730,9878,
576.7730,9893,
576.8730,9907,
576.9730,9809,
577.0730,9906,
577.1730,9849,
577.2730,9842,
577.3730,9887,
577.4730,9859,
577.5730,9904,
577.6730,9803,
577.7730,9813,
577.8730,9884,
577.9730,9695,
578.0730,9344,
578.1730,8431,
578.2730,9876,
578.3730,9804,
578.4730,9323,
578.5730,7086,
578.6730,9881,
578.7730,9882,
578.8730,9897,
578.9730,9840,
579.0730,9738,
579.1730,9603,
579.2730,9900,
579.3730,9826,
579.4730,9896,
579.5730,9903,
579.6730,9558,
579.7730,9609,
579.8730,9885,
579.9730,9862,
580.0730,9844,
580.1730,9800,
580.2730,9873,
580.3730,9886,
580.4730,9881,
580.5730,9140,
580.6730,4938,
580.7730,9704,
580.8730,9902,
580.9730,9902,
581.0730,9667,
581.1730,9880,
581.2730,9875,
581.3730,9744,
581.4730,9687,
581.5730,9847,
581.6730,9861,
581.7730,9878,
581.8730,9867,
581.9730,9886,
582.0730,9890,
582.1730,9871,
582.2730,9903,
582.3730,9660,
582.4730,9896,
582.5730,9563,
582.6730,9867,
582.7730,9846,
582.8730,9818,
582.9730,9894,
583.0730,9789,
583.1730,9580,
583.2730,9908,
583.3730,9894,
583.4730,9889,
583.5730,9870,
583.6730,9815,
583.7730,9176,
583.8730,9777,
583.9730,9849,
584.0730,9870,
584.1730,9917,
584.2730,9898,
584.3730,9877,
584.4730,9880,
584.5730,9895,
584.6730,9904,
584.7730,9869,
584.8730,9873,
584.9730,9518,
585.0730,9900,
585.1730,9867,
585.2730,9903,
585.3730,7004,
585.4730,9888,
585.5730,9893,
585.6730,9860,
585.7730,6040,
585.8730,9346,
585.9730,9537,
586.0730,9900,
586.1730,9896,
586.2730,9828,
586.3730,9842,
586.4730,9894,
586.5730,9879,
586.6730,9905,
586.7730,9812,
586.8730,9875,
586.9730,9727,
587.0730,9872,
587.1730,9875,
587.2730,9852,
587.3730,9459,
587.4730,9869,
587.5618,9791,He D3 (or d)
587.6618,9844,
587.7618,9802,
587.8618,9869,
587.9618,9752,
588.0618,9842,
588.1618,9879,
588.2618,9889,
588.3618,9778,
588.4618,9815,
588.5618,9762,
588.6618,9760,
588.7618,9528,
588.8618,9260,
588.9618,5838,
588.9950,456,Na D2
589.0950,9018,
589.1950,9484,
589.2950,8269,
589.3950,9577,
589.4950,9099,
589.5920,505,Na D1
589.6920,9297,
589.7920,9587,
589.8920,9720,
589.9920,9487,
590.0920,9769,
590.1920,9880,
590.2920,9868,
590.3920,9787,
590.4920,9627,
590.5920,9873,
590.6920,9676,
590.7920,9749,
590.8920,9837,
590.9920,9105,
591.0920,9817,
591.1920,9865,
591.2920,9871,
591.3920,9742,
591.4920,9797,
591.5920,9791,
591.6920,9883,
591.7920,9879,
591.8920,9742,
591.9920,9913,
592.0920,9901,
592.1920,9848,
592.2920,9879,
592.3920,9334,
592.4920,9833,
592.5920,9880,
592.6920,9836,
592.7920,9756,
592.8920,9693,
592.9920,9780,
593.0920,9851,
593.1920,9794,
593.2920,9860,
593.3920,9797,
593.4920,9802,
593.5920,9900,
593.6920,9788,
593.7920,9823,
593.8920,9906,
593.9920,9847,
594.0920,9484,
594.1920,9893,
594.2920,9857,
594.3920,9891,
594.4920,9897,
594.5920,9853,
594.6920,9868,
594.7920,9887,
594.8920,9841,
594.9920,9891,
595.0920,9882,
595.1920,9903,
595.2920,9568,
595.3920,9867,
595.4920,9783,
595.5920,9898,
595.6920,9885,
595.7920,9670,
595.8920,9910,
595.9920,9575,
596.0920,9914,
596.1920,9778,
596.2920,9900,
596.3920,9875,
596.4920,9858,
596.5920,9519,
596.6920,9882,
596.7920,9885,
596.8920,9845,
596.9920,9899,
597.0920,9901,
597.1920,9907,
597.2920,9905,
597.3920,9872,
597.4920,9903,
597.5920,9886,
597.6920,9551,
597.7920,9837,
597.8920,9537,
597.9920,9900,
598.0920,9881,
598.1920,9870,
598.2920,9802,
598.3920,9672,
598.4920,8563,
598.5920,9892,
598.6920,9569,
598.7920,9902,
598.8920,9805,
598.9920,9900,
599.0920,9863,
599.1920,9432,
599.2920,9880,
599.3920,9855,
599.4920,9881,
599.5920,9660,
599.6920,9835,
599.7920,9221,
599.8920,9616,
599.9920,9881,
600.0000,9886,
600.1000,9835,
600.2000,9852,
600.3000,3896,
600.4000,9885,
600.5000,9851,
600.6000,9679,
600.7000,9862,
600.8000,6064,
600.9000,9881,
601.0000,9902,
601.1000,9910,
601.2000,9893,
601.3000,9854,
601.4000,9825,
601.5000,9835,
601.6000,9839,
601.7000,9859,
601.8000,9917,
601.9000,9926,
602.0000,5544,
602.1000,9891,
602.2000,9668,
602.3000,9854,
602.4000,5755,
602.5000,9895,
602.6000,9929,
602.7000,7258,
602.8000,9820,
602.9000,9790,
603.0000,9644,
603.1000,9624,
603.2000,9842,
603.3000,9916,
603.4000,9412,
603.5000,9910,
603.6000,9917,
603.7000,9909,
603.8000,9914,
603.9000,9927,
604.0000,9889,
604.1000,9845,
604.2000,9173,
604.3000,9877,
604.4000,9837,
604.5000,9888,
604.6000,9292,
604.7000,9863,
604.8000,9920,
604.9000,9838,
605.0000,9916,
605.1000,9878,
605.2000,9923,
605.3000,9817,
605.4000,9728,
605.5000,9833,
605.6000,4061,
605.7000,9913,
605.8000,9925,
605.9000,9930,
606.0000,9900,
606.1000,9852,
606.2000,9899,
606.3000,9798,
606.4000,9720,
606.5000,9887,
606.6000,9896,
606.7000,9911,
606.8000,9846,
606.9000,9918,
607.0000,9831,
607.1000,9896,
607.2000,9888,
607.3000,9907,
607.4000,9849,
607.5000,9870,
607.6000,9851,
607.7000,9675,
607.8000,9883,
607.9000,5896,
608.0000,9741,
608.1000,9929,
608.2000,9904,
608.3000,9928,
608.4000,9841,
608.5000,9886,
608.6000,9920,
608.7000,9865,
608.8000,9729,
608.9000,9797,
609.0000,9866,
609.1000,9896,
609.2000,9018,
609.3000,9895,
609.4000,9911,
609.5000,9906,
609.6000,9882,
609.7000,9902,
609.8000,9908,
609.9000,9877,
610.0000,9905,
610.1000,9848,
610.2000,9655,
610.3000,9539,
610.4000,9893,
610.5000,9916,
610.6000,9884,
610.7000,9852,
610.8000,9680,
610.9000,9819,
611.0000,9894,
611.1000,9262,
611.2000,9877,
611.3000,9572,
611.4000,9914,
611.5000,9932,
611.6000,9527,
611.7000,9413,
611.8000,9900,
611.9000,9890,
612.0000,9872,
612.1000,9531,
612.2000,8676,
612.3000,9749,
612.4000,9847,
612.5000,7997,
612.6000,9874,
612.7000,9906,
612.8000,9249,
612.9000,7756,
613.0000,9872,
613.1000,9868,
613.2000,9713,
613.3000,9903,
613.4000,9551,
613.5000,9896,
613.6000,9838,
613.7000,3855,
613.8000,9675,
613.9000,9830,
614.0000,9891,
614.1000,9748,
614.2000,9636,
614.3000,9898,
614.4000,9916,
614.5000,7248,
614.6000,9883,
614.7000,9879,
614.8000,9870,
614.9000,9711,
615.0000,9865,
615.1000,9898,
615.2000,9916,
615.3000,9910,
615.4000,9819,
615.5000,9212,
615.6000,9132,
615.7000,9884,
615.8000,9826,
615.9000,9858,
616.0000,9869,
616.1000,9768,
616.2000,7368,
616.3000,9715,
616.4000,9819,
616.5000,9873,
616.6000,9824,
616.7000,9894,
616.8000,9864,
616.9000,4826,
617.0000,9548,
617.1000,9544,
617.2000,9828,
617.3000,9850,
617.4000,9906,
617.5000,9854,
617.6000,9864,
617.7000,9700,
617.8000,9870,
617.9000,9850,
618.0000,9446,
618.1000,9869,
618.2000,9788,
618.3000,9805,
618.4000,9784,
618.5000,9846,
618.6000,9873,
618.7000,9889,
618.8000,5674,
618.9000,9365,
619.0000,9895,
619.1000,9761,
619.2000,9801,
619.3000,9854,
619.4000,9845,
619.5000,9831,
619.6000,9904,
619.7000,9913,
619.8000,9894,
619.9000,9892,
620.0000,9893,
620.1000,9809,
620.2000,9909,
620.3000,9881,
620.4000,9885,
620.5000,9889,
620.6000,9895,
620.7000,9889,
620.8000,9875,
620.9000,9871,
621.0000,9903,
621.1000,9902,
621.2000,9613,
621.3000,9857,
621.4000,9832,
621.5000,9113,
621.6000,9845,
621.7000,9891,
621.8000,9899,
621.9000,9861,
622.0000,9720,
622.1000,9870,
622.2000,9891,
622.3000,9876,
622.4000,7425,
622.5000,9845,
622.6000,9891,
622.7000,9891,
622.8000,9879,
622.9000,9880,
623.0000,9679,
623.1000,9359,
623.2000,9896,
623.3000,9850,
623.4000,9855,
623.5000,9879,
623.6000,9852,
623.7000,9784,
623.8000,9831,
623.9000,9870,
624.0000,9405,
624.1000,9875,
624.2000,9866,
624.3000,9798,
624.4000,9604,
624.5000,9859,
624.6000,9718,
624.7000,9833,
624.8000,9839,
624.9000,9720,
625.0000,9838,
625.1000,9890,
625.2000,9877,
625.3000,9867,
625.4000,9651,
625.5000,9856,
625.6000,9009,
625.7000,9871,
625.8000,9728,
625.9000,9812,
626.0000,9858,
626.1000,9705,
626.2000,9789,
626.3000,9881,
626.4000,9870,
626.5000,9628,
626.6000,9798,
626.7000,9854,
626.8000,9860,
626.9000,9845,
627.0000,9494,
627.1000,9835,
627.2000,9777,
627.3000,9771,
627.4000,9743,
627.5000,9882,
627.6000,9913,
627.6610,8049,O2 a
627.7610,8883,
627.8610,9881,
627.9610,9830,
628.0610,4153,
628.1610,9852,
628.2610,8980,
628.3610,9890,
628.4610,9853,
628.5610,9896,
628.6610,9895,
628.7610,9823,
628.8610,9899,
628.9610,9879,
629.0610,9738,
629.1610,9865,
629.2610,9703,
629.3610,9806,
629.4610,9847,
629.5610,9896,
629.6610,9796,
629.7610,9875,
629.8610,9885,
629.9610,7894,
630.0610,9796,
630.1610,7884,
630.2610,8996,
630.3610,9896,
630.4610,9908,
630.5610,9715,
630.6610,9586,
630.7610,9822,
630.8610,9889,
630.9610,9880,
631.0610,7794,
631.1610,9715,
631.2610,9900,
631.3610,9888,
631.4610,6855,
631.5610,9881,
631.6610,9628,
631.7610,9718,
631.8610,9061,
631.9610,9611,
632.0610,9893,
632.1610,9907,
632.2610,8667,
632.3610,9899,
632.4610,9852,
632.5610,9897,
632.6610,9897,
632.7610,6335,
632.8610,9909,
632.9610,9557,
633.0610,9871,
633.1610,9891,
633.2610,9895,
633.3610,9864,
633.4610,9891,
633.5610,9806,
633.6610,9604,
633.7610,9897,
633.8610,9876,
633.9610,9906,
634.0610,9891,
634.1610,9818,
634.2610,9710,
634.3610,9587,
634.4610,9752,
634.5610,9848,
634.6610,9843,
634.7610,9856,
634.8610,9896,
634.9610,9866,
635.0610,9820,
635.1610,9869,
635.2610,9841,
635.3610,9810,
635.4610,9763,
635.5610,9822,
635.6610,9868,
635.7610,9891,
635.8610,7059,
635.9610,9755,
636.0610,9623,
636.1610,9511,
636.2610,9544,
636.3610,9752,
636.4610,9525,
636.5610,9853,
636.6610,9712,
636.7610,9890,
636.8610,9829,
636.9610,9827,
637.0610,9742,
637.1610,9701,
637.2610,9876,
637.3610,9859,
637.4610,9855,
637.5610,9844,
637.6610,9895,
637.7610,9838,
637.8610,9866,
637.9610,9810,
638.0610,9752,
638.1610,9814,
638.2610,9822,
638.3610,9789,
638.4610,8879,
638.5610,9835,
638.6610,9871,
638.7610,9869,
638.8610,9880,
638.9610,9878,
639.0610,9865,
639.1610,9873,
639.2610,9545,
639.3610,2587,
639.4610,9855,
639.5610,9871,
639.6610,9861,
639.7610,9871,
639.8610,9892,
639.9610,9409,
640.0610,9670,
640.1610,9873,
640.2610,9866,
640.3610,9807,
640.4610,9883,
640.5610,9585,
640.6610,9899,
640.7610,9632,
640.8610,9510,
640.9610,9893,
641.0610,9862,
641.1610,4313,
641.2610,9868,
641.3610,9788,
641.4610,8425,
641.5610,9766,
641.6610,9868,
641.7610,9670,
641.8610,9860,
641.9610,9303,
642.0610,9891,
642.1610,9589,
642.2610,9896,
642.3610,9889,
642.4610,9891,
642.5610,9824,
642.6610,9840,
642.7610,9901,
642.8610,9869,
642.9610,9849,
643.0610,9728,
643.1610,9820,
643.2610,8921,
643.3610,9794,
643.4610,9844,
643.5610,9897,
643.6610,9857,
643.7610,9677,
643.8610,9736,
643.9610,9739,
644.0610,9800,
644.1610,9853,
644.2610,9884,
644.3610,9839,
644.4610,9840,
644.5610,9881,
644.6610,9876,
644.7610,9902,
644.8610,9816,
644.9610,9668,
645.0610,9802,
645.1610,9747,
645.2610,9883,
645.3610,9735,
645.4610,9878,
645.5610,5082,
645.6610,9783,
645.7610,9866,
645.8610,9871,
645.9610,9873,
646.0610,9896,
646.1610,9857,
646.2610,2653,
646.3610,9866,
646.4610,9575,
646.5610,9890,
646.6610,9852,
646.7610,9895,
646.8610,9901,
646.9610,9837,
647.0610,9844,
647.1610,5780,
647.2610,9878,
647.3610,9892,
647.4610,9834,
647.5610,5581,
647.6610,9856,
647.7610,9878,
647.8610,9858,
647.9610,9876,
648.0610,9890,
648.1610,9862,
648.2610,9858,
648.3610,9842,
648.4610,9855,
648.5610,9872,
648.6610,9832,
648.7610,9883,
648.8610,9866,
648.9610,9791,
649.0610,9751,
649.1610,7880,
649.2610,9869,
649.3610,9403,
649.4610,9408,
649.5610,9662,
649.6610,9486,
649.7610,9833,
649.8610,9860,
649.9610,5415,
650.0610,9895,
650.1610,9394,
650.2610,9869,
650.3610,9841,
650.4610,9870,
650.5610,9864,
650.6610,9836,
650.7610,9867,
650.8610,9834,
650.9610,9545,
651.0610,9891,
651.1610,9874,
651.2610,9828,
651.3610,9844,
651.4610,9861,
651.5610,9840,
651.6610,9697,
651.7610,9877,
651.8610,9723,
651.9610,9869,
652.0610,9879,
652.1610,9888,
652.2610,9842,
652.3610,9822,
652.4610,9894,
652.5610,9895,
652.6610,8695,
652.7610,9764,
652.8610,9578,
652.9610,9855,
653.0610,9826,
653.1610,9874,
653.2610,9834,
653.3610,9862,
653.4610,9854,
653.5610,9837,
653.6610,9795,
653.7610,9872,
653.8610,9678,
653.9610,9874,
654.0610,9858,
654.1610,9855,
654.2610,9859,
654.3610,9819,
654.4610,9818,
654.5610,9749,
654.6610,9730,
654.7610,9648,
654.8610,8917,
654.9610,9702,
655.0610,9637,
655.1610,9517,
655.2610,8860,
655.3610,9455,
655.4610,9317,
655.5610,8910,
655.6610,9043,
655.7610,8854,
655.8610,8573,
655.9610,7398,
656.0610,6950,
656.1610,6853,
656.2610,1839,
656.2810,1605,Halpha C
656.3810,6520,
656.4810,7542,
656.5810,8087,
656.6810,8435,
656.7810,8683,
656.8810,8850,
656.9810,9044,
657.0810,8957,
657.1810,9340,
657.2810,7353,
657.3810,9516,
657.4810,9426,
657.5810,9644,
657.6810,9672,
657.7810,9717,
657.8810,9699,
657.9810,9756,
658.0810,9714,
658.1810,9812,
658.2810,9836,
658.3810,9671,
658.4810,9854,
658.5810,9876,
658.6810,9821,
658.7810,9771,
658.8810,9907,
658.9810,9879,
659.0810,9876,
659.1810,9868,
659.2810,8452,
659.3810,7300,
659.4810,9854,
659.5810,9678,
659.6810,9869,
659.7810,9865,
659.8810,9883,
659.9810,9859,
660.0810,9842,
660.1810,9881,
660.2810,9886,
660.3810,9884,
660.4810,9852,
660.5810,9734,
660.6810,9860,
660.7810,9850,
660.8810,9873,
660.9810,9802,
661.0810,9795,
661.1810,9881,
661.2810,9889,
661.3810,9310,
661.4810,9879,
661.5810,9895,
661.6810,9817,
661.7810,9753,
661.8810,9887,
661.9810,9872,
662.0810,9889,
662.1810,9899,
662.2810,9891,
662.3810,9747,
662.4810,9712,
662.5810,9888,
662.6810,9886,
662.7810,9878,
662.8810,9847,
662.9810,9866,
663.0810,9838,
663.1810,9737,
663.2810,9871,
663.3810,7245,
663.4810,9831,
663.5810,9767,
663.6810,9856,
663.7810,9830,
663.8810,9877,
663.9810,9492,
664.0810,9877,
664.1810,9895,
664.2810,9869,
664.3810,9753,
664.4810,9887,
664.5810,9899,
664.6810,9852,
664.7810,9768,
664.8810,9861,
664.9810,9894,
665.0810,9894,
665.1810,9882,
665.2810,9903,
665.3810,9483,
665.4810,9894,
665.5810,9898,
665.6810,9860,
665.7810,9889,
665.8810,9903,
665.9810,9641,
666.0810,9851,
666.1810,9857,
666.2810,9824,
666.3810,9828,
666.4810,9852,
666.5810,9770,
666.6810,9864,
666.7810,9732,
666.8810,9732,
666.9810,9890,
667.0810,9887,
667.1810,9703,
667.2810,9859,
667.3810,9762,
667.4810,9868,
667.5810,9861,
667.6810,9845,
667.7810,9250,
667.8810,9554,
667.9810,9881,
668.0810,9890,
668.1810,9855,
668.2810,9863,
668.3810,9874,
668.4810,9858,
668.5810,9890,
668.6810,9870,
668.7810,9837,
668.8810,9788,
668.9810,9890,
669.0810,9687,
669.1810,9899,
669.2810,9809,
669.3810,9868,
669.4810,9838,
669.5810,9832,
669.6810,9725,
669.7810,9863,
669.8810,9778,
669.9810,9871,
670.0810,9870,
670.1810,9849,
670.2810,9873,
670.3810,9862,
670.4810,9865,
670.5810,9887,
670.6810,9881,
670.7810,9795,
670.8810,9799,
670.9810,9855,
671.0810,9879,
671.1810,9645,
671.2810,9881,
671.3810,9278,
671.4810,9833,
671.5810,9875,
671.6810,9889,
671.7810,8362,
671.8810,9886,
671.9810,9695,
672.0810,9830,
672.1810,7713,
672.2810,9815,
672.3810,9870,
672.4810,9823,
672.5810,9809,
672.6810,9635,
672.7810,9867,
672.8810,9875,
672.9810,9788,
673.0810,9886,
673.1810,9868,
673.2810,9883,
673.3810,9864,
673.4810,9893,
673.5810,9780,
673.6810,9886,
673.7810,9843,
673.8810,9456,
673.9810,9897,
674.0810,9889,
674.1810,9781,
674.2810,9869,
674.3810,9847,
674.4810,9876,
674.5810,9886,
674.6810,9877,
674.7810,9834,
674.8810,9337,
674.9810,9871,
675.0810,9872,
675.1810,9833,
675.2810,9392,
675.3810,9845,
675.4810,9773,
675.5810,9879,
675.6810,9831,
675.7810,9863,
675.8810,9700,
675.9810,9880,
676.0810,9885,
676.1810,9871,
676.2810,9863,
676.3810,9837,
676.4810,9829,
676.5810,9754,
676.6810,9778,
676.7810,4497,
676.8810,9807,
676.9810,9847,
677.0810,9827,
677.1810,9893,
677.2810,9884,
677.3810,9874,
677.4810,9738,
677.5810,9901,
677.6810,9893,
677.7810,9798,
677.8810,9877,
677.9810,9872,
678.0810,9854,
678.1810,9767,
678.2810,9870,
678.3810,9682,
678.4810,9777,
678.5810,9687,
678.6810,8925,
678.7810,9902,
678.8810,9908,
678.9810,9894,
679.0810,9883,
679.1810,9908,
679.2810,9864,
679.3810,9865,
679.4810,9876,
679.5810,9445,
679.6810,9800,
679.7810,9881,
679.8810,9790,
679.9810,9858,
680.0810,9842,
680.1810,9851,
680.2810,9853,
680.3810,9648,
680.4810,9885,
680.5810,9812,
680.6810,7966,
680.7810,9862,
680.8810,9835,
680.9810,9877,
681.0810,9862,
681.1810,9877,
681.2810,9870,
681.3810,9784,
681.4810,9802,
681.5810,9852,
681.6810,9870,
681.7810,9871,
681.8810,9868,
681.9810,9832,
682.0810,9823,
682.1810,9865,
682.2810,9892,
682.3810,9897,
682.4810,9690,
682.5810,9894,
682.6810,9882,
682.7810,9788,
682.8810,9812,
682.9810,9861,
683.0810,9830,
683.1810,9859,
683.2810,9869,
683.3810,9877,
683.4810,9860,
683.5810,9868,
683.6810,9842,
683.7810,9881,
683.8810,8101,
683.9810,7637,
684.0810,9858,
684.1810,9780,
684.2810,9595,
684.3810,9630,
684.4810,9837,
684.5810,9865,
684.6810,9863,
684.7810,9863,
684.8810,9821,
684.9810,9886,
685.0810,9868,
685.1810,9873,
685.2810,9841,
685.3810,9847,
685.4810,8865,
685.5810,9524,
685.6810,9883,
685.7810,9808,
685.8810,9878,
685.9810,9864,
686.0810,9613,
686.1810,9808,
686.2810,9902,
686.3810,9871,
686.4810,9900,
686.5810,9876,
686.6810,9890,
686.7190,1327,O2 B
686.8190,5001,
686.9190,8529,
687.0190,9124,
687.1190,6863,
687.2190,3968,
687.3190,9657,
687.4190,9642,
687.5190,9637,
687.6190,9713,
687.7190,9669,
687.8190,9767,
687.9190,8744,
688.0190,9742,
688.1190,9881,
688.2190,9876,
688.3190,9713,
688.4190,9799,
688.5190,9825,
688.6190,9494,
688.7190,9500,
688.8190,9826,
688.9190,9435,
689.0190,9373,
689.1190,9820,
689.2190,8895,
689.3190,7286,
689.4190,9784,
689.5190,9580,
689.6190,8838,
689.7190,9348,
689.8190,9753,
689.9190,9824,
690.0190,9500,
690.1190,9613,
690.2190,9871,
690.3190,9833,
690.4190,7389,
690.5190,9188,
690.6190,9596,
690.7190,9811,
690.8190,9721,
690.9190,9628,
691.0190,9770,
691.1190,9840,
691.2190,9874,
691.3190,670,
691.4190,9215,
691.5190,9879,
691.6190,9869,
691.7190,9798,
691.8190,9026,
691.9190,9725,
692.0190,9373,
692.1190,9849,
692.2190,9854,
692.3190,9583,
692.4190,3317,
692.5190,9252,
692.6190,9516,
692.7190,9862,
692.8190,9667,
692.9190,9738,
693.0190,9893,
693.1190,9870,
693.2190,9527,
693.3190,9724,
693.4190,9885,
693.5190,9797,
693.6190,9870,
693.7190,9769,
693.8190,9726,
693.9190,9881,
694.0190,8382,
694.1190,9407,
694.2190,9613,
694.3190,9827,
694.4190,9884,
694.5190,4222,
694.6190,9864,
694.7190,9849,
694.8190,9867,
694.9190,9818,
695.0190,9890,
695.1190,7917,
695.2190,9859,
695.3190,9479,
695.4190,9853,
695.5190,9720,
695.6190,9827,
695.7190,9841,
695.8190,9866,
695.9190,9838,
696.0190,9731,
696.1190,9700,
696.2190,9848,
696.3190,9858,
696.4190,9859,
696.5190,9714,
696.6190,9777,
696.7190,9879,
696.8190,9886,
696.9190,9877,
697.0190,9784,
697.1190,9719,
697.2190,9854,
697.3190,9870,
697.4190,9802,
697.5190,9735,
697.6190,9586,
697.7190,9858,
697.8190,9686,
697.9190,9483,
698.0190,9851,
698.1190,9817,
698.2190,9758,
698.3190,9859,
698.4190,9838,
698.5190,9880,
698.6190,9873,
698.7190,9874,
698.8190,9867,
698.9190,9851,
699.0190,9818,
699.1190,9855,
699.2190,9832,
699.3190,9839,
699.4190,9814,
699.5190,9851,
699.6190,9880,
699.7190,9727,
699.8190,9833,
699.9190,9671,
700.0000,9275,
700.1000,9877,
700.2000,9828,
700.3000,9846,
700.4000,9694,
700.5000,9842,
700.6000,8529,
700.7000,9751,
700.8000,7963,
700.9000,9881,
701.0000,9870,
701.1000,9676,
701.2000,9820,
701.3000,9675,
701.4000,9846,
701.5000,9192,
701.6000,8304,
701.7000,9796,
701.8000,9780,
701.9000,9667,
702.0000,9844,
702.1000,9804,
702.2000,9805,
702.3000,6181,
702.4000,9210,
702.5000,9728,
702.6000,9859,
702.7000,9738,
702.8000,9866,
702.9000,9289,
703.0000,8302,
703.1000,9670,
703.2000,9787,
703.3000,9879,
703.4000,9729,
703.5000,8405,
703.6000,9854,
703.7000,9854,
703.8000,9734,
703.9000,9859,
704.0000,9811,
704.1000,9873,
704.2000,9834,
704.3000,9832,
704.4000,9850,
704.5000,9772,
704.6000,9870,
704.7000,9779,
704.8000,9830,
704.9000,9798,
705.0000,9884,
705.1000,9859,
705.2000,9879,
705.3000,9523,
705.4000,9553,
705.5000,9697,
705.6000,9252,
705.7000,9588,
705.8000,9678,
705.9000,9729,
706.0000,9624,
706.1000,9759,
706.2000,9864,
706.3000,8924,
706.4000,9875,
706.5000,9788,
706.6000,9834,
706.7000,9670,
706.8000,9499,
706.9000,9787,
707.0000,9846,
707.1000,9866,
707.2000,9699,
707.3000,9858,
707.4000,9878,
707.5000,9861,
707.6000,9830,
707.7000,9870,
707.8000,9821,
707.9000,9783,
708.0000,9869,
708.1000,9838,
708.2000,9870,
708.3000,9875,
708.4000,9026,
708.5000,6410,
708.6000,9857,
708.7000,9866,
708.8000,9763,
708.9000,9845,
709.0000,9853,
709.1000,9832,
709.2000,9516,
709.3000,9695,
709.4000,9862,
709.5000,9853,
709.6000,9806,
709.7000,9598,
709.8000,9797,
709.9000,9840,
710.0000,9612,
710.1000,9834,
710.2000,9666,
710.3000,9856,
710.4000,9862,
710.5000,9839,
710.6000,9834,
710.7000,9720,
710.8000,9785,
710.9000,9555,
711.0000,9786,
711.1000,9455,
711.2000,9678,
711.3000,9658,
711.4000,9801,
711.5000,9602,
711.6000,9860,
711.7000,9023,
711.8000,9765,
711.9000,9792,
712.0000,9147,
712.1000,9834,
712.2000,9536,
712.3000,9851,
712.4000,9861,
712.5000,9680,
712.6000,9830,
712.7000,9863,
712.8000,9843,
712.9000,9858,
713.0000,9813,
713.1000,7213,
713.2000,9830,
713.3000,6288,
713.4000,9857,
713.5000,9791,
713.6000,9881,
713.7000,9872,
713.8000,9861,
713.9000,9776,
714.0000,9878,
714.1000,9827,
714.2000,9859,
714.3000,9714,
714.4000,9744,
714.5000,9827,
714.6000,9870,
714.7000,9877,
714.8000,8704,
714.9000,9851,
715.0000,9852,
715.1000,9692,
715.2000,9822,
715.3000,9843,
715.4000,9884,
715.5000,9854,
715.6000,9846,
715.7000,9875,
715.8000,9870,
715.9000,9863,
716.0000,9854,
716.1000,9878,
716.2000,9739,
716.3000,9882,
716.4000,9792,
716.5000,9525,
716.6000,9731,
716.7000,8912,
716.8000,9663,
716.9000,9768,
717.0000,9695,
717.1000,9829,
717.2000,9755,
717.3000,9806,
717.4000,9830,
717.5000,9847,
717.6000,8609,
717.7000,9267,
717.8000,9886,
717.9000,9881,
718.0000,8123,
718.1000,9755,
718.2000,6208,
718.3000,9896,
718.4000,9850,
718.5000,9549,
718.6000,9739,
718.7000,8297,
718.8000,9689,
718.9000,9727,
719.0000,9791,
719.1000,9863,
719.2000,9759,
719.3000,9350,
719.4000,9601,
719.5000,9020,
719.6000,9812,
719.7000,5351,
719.8000,9848,
719.9000,9857,
720.0000,9709,
720.1000,9665,
720.2000,9616,
720.3000,9826,
720.4000,9758,
720.5000,9885,
720.6000,9761,
720.7000,9297,
720.8000,9824,
720.9000,9876,
721.0000,9884,
721.1000,9860,
721.2000,9806,
721.3000,9858,
721.4000,9834,
721.5000,9564,
721.6000,9858,
721.7000,9870,
721.8000,9649,
721.9000,9787,
722.0000,9852,
722.1000,9832,
722.2000,9872,
722.3000,9726,
722.4000,9858,
722.5000,9778,
722.6000,9152,
722.7000,9845,
722.8000,9857,
722.9000,9746,
723.0000,9815,
723.1000,9849,
723.2000,9864,
723.3000,9573,
723.4000,9821,
723.5000,9788,
723.6000,9675,
723.7000,9884,
723.8000,9835,
723.9000,9768,
724.0000,9301,
724.1000,9687,
724.2000,9835,
724.3000,9746,
724.4000,9811,
724.5000,9636,
724.6000,9785,
724.7000,9688,
724.8000,9890,
724.9000,9707,
725.0000,9782,
725.1000,9859,
725.2000,9704,
725.3000,9751,
725.4000,9860,
725.5000,9884,
725.6000,9779,
725.7000,9774,
725.8000,9536,
725.9000,9607,
726.0000,9774,
726.1000,8315,
726.2000,7808,
726.3000,9399,
726.4000,9855,
726.5000,9809,
726.6000,9703,
726.7000,9806,
726.8000,9822,
726.9000,9682,
727.0000,9797,
727.1000,9757,
727.2000,9620,
727.3000,7748,
727.4000,9818,
727.5000,9812,
727.6000,9845,
727.7000,9800,
727.8000,9756,
727.9000,9464,
728.0000,9870,
728.1000,9691,
728.2000,9762,
728.3000,8948,
728.4000,9737,
728.5000,9766,
728.6000,9653,
728.7000,9835,
728.8000,9788,
728.9000,9089,
729.0000,9847,
729.1000,9501,
729.2000,9863,
729.3000,6480,
729.4000,9738,
729.5000,7878,
729.6000,9859,
729.7000,9855,
729.8000,9831,
729.9000,9858,
730.0000,9656,
730.1000,9845,
730.2000,9867,
730.3000,9685,
730.4000,9775,
730.5000,9801,
730.6000,9765,
730.7000,9866,
730.8000,7597,
730.9000,9852,
731.0000,9852,
731.1000,8410,
731.2000,9619,
731.3000,9625,
731.4000,9868,
731.5000,9801,
731.6000,9854,
731.7000,9843,
731.8000,9714,
731.9000,9841,
732.0000,9875,
732.1000,9802,
732.2000,9851,
732.3000,9863,
732.4000,9433,
732.5000,9857,
732.6000,9096,
732.7000,9840,
732.8000,9878,
732.9000,9856,
733.0000,9704,
733.1000,8807,
733.2000,9852,
733.3000,9730,
733.4000,9868,
733.5000,9821,
733.6000,9748,
733.7000,9808,
733.8000,9814,
733.9000,9746,
734.0000,9839,
734.1000,9869,
734.2000,9868,
734.3000,9855,
734.4000,9521,
734.5000,9830,
734.6000,9870,
734.7000,9821,
734.8000,9494,
734.9000,9792,
735.0000,9660,
735.1000,9555,
735.2000,9802,
735.3000,9732,
735.4000,9822,
735.5000,9794,
735.6000,8933,
735.7000,9692,
735.8000,9771,
735.9000,9862,
736.0000,9487,
736.1000,9641,
736.2000,9667,
736.3000,9705,
736.4000,9137,
736.5000,9861,
736.6000,9849,
736.7000,9818,
736.8000,9871,
736.9000,9711,
737.0000,9688,
737.1000,9866,
737.2000,9857,
737.3000,8145,
737.4000,9869,
737.5000,9778,
737.6000,9838,
737.7000,9706,
737.8000,9863,
737.9000,9867,
738.0000,9850,
738.1000,9867,
738.2000,9100,
738.3000,9197,
738.4000,9863,
738.5000,9866,
738.6000,9771,
738.7000,9547,
738.8000,9354,
738.9000,9752,
739.0000,9806,
739.1000,9795,
739.2000,9881,
739.3000,9820,
739.4000,9607,
739.5000,9880,
739.6000,9534,
739.7000,9822,
739.8000,9764,
739.9000,9723,
740.0000,9651,
740.1000,9766,
740.2000,9729,
740.3000,9854,
740.4000,9859,
740.5000,9870,
740.6000,9520,
740.7000,9834,
740.8000,9871,
740.9000,8382,
741.0000,9842,
741.1000,9011,
741.2000,9878,
741.3000,9795,
741.4000,9748,
741.5000,9802,
741.6000,5772,
741.7000,9804,
741.8000,9876,
741.9000,9873,
742.0000,9838,
742.1000,9839,
742.2000,9768,
742.3000,9824,
742.4000,9792,
742.5000,9848,
742.6000,9880,
742.7000,9879,
742.8000,9854,
742.9000,9857,
743.0000,9856,
743.1000,9760,
743.2000,9769,
743.3000,9720,
743.4000,9872,
743.5000,9818,
743.6000,9811,
743.7000,9810,
743.8000,9883,
743.9000,9863,
744.0000,9881,
744.1000,8348,
744.2000,9796,
744.3000,7499,
744.4000,9861,
744.5000,9838,
744.6000,9324,
744.7000,9812,
744.8000,9494,
744.9000,9798,
745.0000,9869,
745.1000,9874,
745.2000,9786,
745.3000,9821,
745.4000,8893,
745.5000,9877,
745.6000,9872,
745.7000,9818,
745.8000,9822,
745.9000,9753,
746.0000,9876,
746.1000,9881,
746.2000,9835,
746.3000,9844,
746.4000,9807,
746.5000,9878,
746.6000,9886,
746.7000,9869,
746.8000,9882,
746.9000,9836,
747.0000,9803,
747.1000,9850,
747.2000,9855,
747.3000,9863,
747.4000,9815,
747.5000,9838,
747.6000,9795,
747.7000,9881,
747.8000,9857,
747.9000,9836,
748.0000,9831,
748.1000,9865,
748.2000,9356,
748.3000,9745,
748.4000,9872,
748.5000,9874,
748.6000,9800,
748.7000,9875,
748.8000,9759,
748.9000,9862,
749.0000,9823,
749.1000,9779,
749.2000,9853,
749.3000,9781,
749.4000,9671,
749.5000,5698,
749.6000,9741,
749.7000,9877,
749.8000,9861,
749.9000,9859,
750.0000,9860,
750.1000,9858,
750.2000,9879,
750.3000,9871,
750.4000,9785,
750.5000,9649,
750.6000,8471,
750.7000,9838,
750.8000,9872,
750.9000,9876,
751.0000,9838,
751.1000,3581,
751.2000,9818,
751.3000,9870,
751.4000,9857,
751.5000,9802,
751.6000,9831,
751.7000,9872,
751.8000,9798,
751.9000,9884,
752.0000,9840,
752.1000,9630,
752.2000,9866,
752.3000,9636,
752.4000,9855,
752.5000,9232,
752.6000,9856,
752.7000,9865,
752.8000,9861,
752.9000,9854,
753.0000,9875,
753.1000,9155,
753.2000,9757,
753.3000,9851,
753.4000,9872,
753.5000,9827,
753.6000,9879,
753.7000,9834,
753.8000,9805,
753.9000,9874,
754.0000,9807,
754.1000,9865,
754.2000,9611,
754.3000,9849,
754.4000,9877,
754.5000,9858,
754.6000,9717,
754.7000,9719,
754.8000,9559,
754.9000,9873,
755.0000,9868,
755.1000,9728,
755.2000,9858,
755.3000,9874,
755.4000,9643,
755.5000,9839,
755.6000,9835,
755.7000,9869,
755.8000,9786,
755.9000,9863,
756.0000,9835,
756.1000,9764,
756.2000,9874,
756.3000,8695,
756.4000,9874,
756.5000,9833,
756.6000,9862,
756.7000,9613,
756.8000,9874,
756.9000,8441,
757.0000,9785,
757.1000,9875,
757.2000,9863,
757.3000,9827,
757.4000,6742,
757.5000,9858,
757.6000,9871,
757.7000,9870,
757.8000,9861,
757.9000,9806,
758.0000,9855,
758.1000,9879,
758.2000,9695,
758.3000,9838,
758.4000,9734,
758.5000,9836,
758.6000,4118,
758.7000,9832,
758.8000,9826,
758.9000,9831,
759.0000,9841,
759.1000,9851,
759.2000,9834,
759.3000,9853,
759.3700,1223,O2 A
759.4700,8838,
759.5700,5070,
759.6700,7786,
759.7700,6480,
759.8700,41,
759.9700,7203,
760.0700,3086,
760.1700,0,
760.2700,5536,
760.3700,1269,
760.4700,3364,
760.5700,2,
760.6700,0,
760.7700,2659,
760.8700,7112,
760.9700,5256,
761.0700,4020,
761.1700,5793,
761.2700,6983,
761.3700,6062,
761.4700,7131,
761.5700,8263,
761.6700,9223,
761.7700,9778,
761.8700,9684,
761.9700,8262,
762.0700,6450,
762.1700,8697,
762.2700,8311,
762.3700,6144,
762.4700,1484,
762.5700,8788,
762.6700,6288,
762.7700,6322,
762.8700,6371,
762.9700,8615,
763.0700,4294,
763.1700,5171,
763.2700,6679,
763.3700,8778,
763.4700,7330,
763.5700,6288,
763.6700,5594,
763.7700,9064,
763.8700,8854,
763.9700,179,
764.0700,0,
764.1700,9014,
764.2700,8859,
764.3700,8279,
764.4700,7478,
764.5700,7200,
764.6700,9614,
764.7700,9653,
764.8700,6651,
764.9700,7173,
765.0700,8725,
765.1700,9847,
765.2700,9833,
765.3700,6800,
765.4700,8189,
765.5700,8984,
765.6700,9833,
765.7700,7529,
765.8700,9492,
765.9700,8594,
766.0700,8121,
766.1700,9828,
766.2700,9868,
766.3700,9687,
766.4700,7530,
766.5700,8759,
766.6700,9772,
766.7700,9818,
766.8700,9862,
766.9700,8108,
767.0700,7480,
767.1700,1636,
767.2700,9786,
767.3700,9810,
767.4700,9871,
767.5700,9845,
767.6700,8998,
767.7700,7382,
767.8700,9852,
767.9700,9772,
768.0700,9799,
768.1700,9862,
768.2700,8378,
768.3700,9330,
768.4700,9894,
768.5700,9894,
768.6700,9858,
768.7700,9812,
768.8700,9791,
768.9700,9714,
769.0700,9823,
769.1700,8143,
769.2700,9723,
769.3700,9819,
769.4700,9836,
769.5700,9349,
769.6700,9478,
769.7700,9864,
769.8700,9690,
769.9700,9776,
770.0700,9857,
770.1700,9871,
770.2700,9713,
770.3700,9765,
770.4700,9815,
770.5700,9734,
770.6700,9865,
770.7700,9850,
770.8700,9839,
770.9700,9672,
771.0700,9783,
771.1700,6898,
771.2700,9405,
771.3700,9733,
771.4700,9616,
771.5700,9397,
771.6700,9860,
771.7700,9827,
771.8700,9869,
771.9700,9826,
772.0700,9351,
772.1700,9825,
772.2700,9460,
772.3700,9805,
772.4700,9833,
772.5700,9841,
772.6700,9836,
772.7700,7733,
772.8700,9867,
772.9700,9875,
773.0700,9873,
773.1700,9799,
773.2700,9733,
773.3700,9272,
773.4700,9864,
773.5700,9838,
773.6700,9849,
773.7700,9694,
773.8700,9885,
773.9700,9887,
774.0700,9876,
774.1700,9794,
774.2700,5436,
774.3700,9792,
774.4700,9865,
774.5700,9795,
774.6700,9596,
774.7700,9866,
774.8700,9568,
774.9700,9852,
775.0700,9838,
775.1700,9871,
775.2700,9876,
775.3700,9854,
775.4700,9858,
775.5700,9813,
775.6700,9864,
775.7700,9869,
775.8700,9846,
775.9700,9747,
776.0700,9186,
776.1700,9869,
776.2700,9893,
776.3700,9885,
776.4700,9641,
776.5700,9864,
776.6700,9846,
776.7700,9883,
776.8700,9873,
776.9700,9865,
777.0700,9861,
777.1700,9623,
777.2700,9832,
777.3700,9869,
777.4700,9871,
777.5700,9827,
777.6700,9809,
777.7700,9883,
777.8700,9885,
777.9700,9850,
778.0700,8339,
778.1700,9791,
778.2700,9862,
778.3700,9844,
778.4700,9884,
778.5700,9872,
778.6700,9884,
778.7700,9869,
778.8700,9745,
778.9700,9854,
779.0700,9829,
779.1700,9869,
779.2700,9867,
779.3700,9859,
779.4700,9852,
779.5700,9874,
779.6700,9878,
779.7700,8897,
779.8700,9779,
779.9700,9711,
780.0700,9796,
780.1700,9872,
780.2700,9828,
780.3700,9886,
780.4700,9826,
780.5700,9877,
780.6700,9834,
780.7700,9772,
780.8700,9884,
780.9700,9865,
781.0700,9542,
781.1700,9737,
781.2700,9870,
781.3700,9776,
781.4700,9878,
781.5700,9856,
781.6700,9867,
781.7700,9862,
781.8700,9827,
781.9700,9891,
782.0700,9809,
782.1700,9732,
782.2700,9873,
782.3700,9879,
782.4700,9868,
782.5700,9872,
782.6700,9410,
782.7700,9867,
782.8700,9889,
782.9700,9862,
783.0700,9821,
783.1700,9725,
783.2700,9540,
783.3700,9880,
783.4700,9790,
783.5700,9695,
783.6700,9736,
783.7700,9870,
783.8700,9881,
783.9700,9821,
784.0700,9852,
784.1700,9875,
784.2700,9834,
784.3700,9856,
784.4700,9826,
784.5700,9858,
784.6700,9873,
784.7700,9868,
784.8700,9705,
784.9700,9682,
785.0700,9762,
785.1700,9819,
785.2700,9684,
785.3700,9869,
785.4700,9868,
785.5700,9838,
785.6700,9879,
785.7700,9878,
785.8700,9870,
785.9700,9876,
786.0700,9780,
786.1700,9842,
786.2700,9851,
786.3700,9567,
786.4700,9875,
786.5700,9839,
786.6700,9843,
786.7700,9873,
786.8700,9860,
786.9700,9347,
787.0700,9859,
787.1700,9817,
787.2700,9663,
787.3700,9876,
787.4700,9872,
787.5700,9826,
787.6700,9782,
787.7700,9682,
787.8700,9815,
787.9700,9543,
788.0700,9652,
788.1700,9268,
788.2700,9844,
788.3700,9854,
788.4700,9894,
788.5700,9853,
788.6700,9763,
788.7700,9799,
788.8700,9859,
788.9700,9876,
789.0700,9799,
789.1700,9885,
789.2700,9845,
789.3700,9655,
789.4700,9826,
789.5700,9838,
789.6700,9664,
789.7700,9829,
789.8700,9875,
789.9700,9851,
790.0700,9636,
790.1700,9584,
790.2700,9885,
790.3700,9870,
790.4700,9850,
790.5700,9836,
790.6700,9713,
790.7700,9846,
790.8700,8600,
790.9700,9711,
791.0700,9663,
791.1700,9872,
791.2700,9784,
791.3700,9735,
791.4700,9870,
791.5700,9718,
791.6700,9832,
791.7700,9519,
791.8700,9666,
791.9700,9857,
792.0700,9468,
792.1700,9874,
792.2700,9652,
792.3700,9815,
792.4700,9847,
792.5700,9665,
792.6700,9813,
792.7700,9877,
792.8700,9720,
792.9700,9726,
793.0700,8999,
793.1700,9481,
793.2700,9619,
793.3700,9841,
793.4700,9859,
793.5700,9880,
793.6700,9645,
793.7700,9502,
793.8700,9675,
793.9700,9877,
794.0700,9803,
794.1700,9795,
794.2700,9752,
794.3700,9389,
794.4700,9748,
794.5700,7920,
794.6700,9478,
794.7700,9439,
794.8700,9795,
794.9700,9878,
795.0700,9828,
795.1700,9494,
795.2700,9874,
795.3700,9663,
795.4700,9823,
795.5700,8090,
795.6700,9440,
795.7700,9851,
795.8700,9839,
795.9700,9721,
796.0700,8797,
796.1700,9784,
796.2700,9741,
796.3700,9864,
796.4700,9863,
796.5700,9813,
796.6700,9873,
796.7700,9870,
796.8700,9833,
796.9700,9869,
797.0700,9867,
797.1700,9798,
797.2700,9882,
797.3700,9837,
797.4700,9384,
797.5700,9775,
797.6700,9857,
797.7700,9882,
797.8700,9812,
797.9700,9808,
798.0700,9799,
798.1700,9858,
798.2700,9865,
798.3700,9848,
798.4700,9720,
798.5700,9883,
798.6700,9843,
798.7700,9819,
798.8700,9881,
798.9700,9897,
799.0700,9589,
799.1700,9853,
799.2700,9881,
799.3700,9854,
799.4700,9542,
799.5700,9593,
799.6700,9830,
799.7700,9836,
799.8700,9174,
799.9700,9759,
800.0000,9825,
800.1000,9856,
800.2000,9889,
800.3000,9857,
800.4000,9756,
800.5000,9769,
800.6000,9876,
800.7000,9829,
800.8000,9826,
800.9000,9860,
801.0000,9747,
801.1000,9852,
801.2000,9630,
801.3000,9534,
801.4000,9622,
801.5000,9778,
801.6000,9866,
801.7000,9441,
801.8000,9574,
801.9000,9874,
802.0000,9854,
802.1000,9736,
802.2000,9669,
802.3000,9725,
802.4000,9734,
802.5000,9821,
802.6000,9824,
802.7000,8559,
802.8000,8952,
802.9000,9705,
803.0000,9884,
803.1000,9861,
803.2000,9861,
803.3000,9884,
803.4000,9885,
803.5000,8984,
803.6000,9848,
803.7000,9845,
803.8000,9884,
803.9000,9854,
804.0000,9714,
804.1000,9867,
804.2000,9838,
804.3000,9880,
804.4000,9812,
804.5000,9831,
804.6000,5343,
804.7000,9818,
804.8000,9825,
804.9000,9795,
805.0000,9200,
805.1000,9810,
805.2000,9878,
805.3000,9774,
805.4000,9710,
805.5000,9782,
805.6000,9486,
805.7000,9700,
805.8000,9847,
805.9000,9853,
806.0000,9858,
806.1000,9855,
806.2000,9866,
806.3000,9828,
806.4000,9846,
806.5000,9881,
806.6000,9614,
806.7000,9830,
806.8000,9872,
806.9000,9880,
807.0000,9588,
807.1000,9774,
807.2000,9835,
807.3000,9198,
807.4000,9874,
807.5000,9821,
807.6000,9867,
807.7000,9816,
807.8000,9741,
807.9000,9804,
808.0000,9759,
808.1000,9730,
808.2000,9897,
808.3000,9842,
808.4000,9831,
808.5000,8708,
808.6000,9848,
808.7000,9865,
808.8000,9870,
808.9000,9879,
809.0000,9858,
809.1000,9815,
809.2000,9725,
809.3000,9063,
809.4000,9040,
809.5000,9747,
809.6000,9503,
809.7000,9582,
809.8000,9576,
809.9000,9117,
810.0000,9792,
810.1000,9779,
810.2000,9865,
810.3000,9875,
810.4000,9672,
810.5000,9777,
810.6000,9855,
810.7000,9859,
810.8000,9841,
810.9000,9764,
811.0000,9703,
811.1000,9867,
811.2000,9811,
811.3000,9889,
811.4000,9711,
811.5000,9743,
811.6000,9821,
811.7000,9609,
811.8000,9748,
811.9000,9809,
812.0000,9635,
812.1000,9800,
812.2000,9853,
812.3000,9786,
812.4000,9796,
812.5000,9566,
812.6000,9829,
812.7000,9566,
812.8000,9651,
812.9000,9796,
813.0000,9593,
813.1000,9546,
813.2000,9839,
813.3000,9739,
813.4000,9833,
813.5000,9535,
813.6000,9826,
813.7000,9659,
813.8000,9444,
813.9000,9765,
814.0000,9807,
814.1000,9863,
814.2000,9328,
814.3000,9851,
814.4000,9837,
814.5000,9883,
814.6000,9851,
814.7000,9856,
814.8000,9786,
814.9000,9857,
815.0000,9321,
815.1000,9880,
815.2000,9770,
815.3000,9766,
815.4000,9849,
815.5000,9714,
815.6000,9879,
815.7000,9879,
815.8000,8295,
815.9000,9779,
816.0000,9860,
816.1000,9764,
816.2000,9382,
816.3000,9280,
816.4000,9841,
816.5000,9813,
816.6000,9716,
816.7000,9870,
816.8000,9830,
816.9000,9837,
817.0000,7583,
817.1000,9820,
817.2000,9737,
817.3000,9786,
817.4000,9747,
817.5000,9826,
817.6000,9880,
817.7000,6782,
817.8000,9458,
817.9000,7532,
818.0000,9849,
818.1000,9748,
818.2000,9715,
818.3000,8908,
818.4000,9772,
818.5000,9856,
818.6000,9673,
818.7000,9758,
818.8000,9493,
818.9000,9503,
819.0000,9843,
819.1000,9829,
819.2000,9833,
819.3000,9224,
819.4000,9699,
819.5000,6915,
819.6000,9761,
819.7000,9590,
819.8000,9733,
819.9000,7405,
820.0000,9446,
820.1000,9659,
820.2000,9757,
820.3000,9720,
820.4000,9804,
820.5000,9442,
820.6000,9893,
820.7000,9707,
820.8000,9742,
820.9000,9882,
821.0000,9800,
821.1000,9802,
821.2000,9757,
821.3000,5327,
821.4000,9475,
821.5000,9466,
821.6000,9776,
821.7000,9862,
821.8000,9490,
821.9000,9835,
822.0000,9307,
822.1000,9605,
822.2000,9842,
822.3000,9812,
822.4000,8847,
822.5000,9838,
822.6000,9842,
822.6960,6152,O2 Z
822.7960,8354,
822.8960,9728,
822.9960,9802,
823.0960,9769,
823.1960,9704,
823.2960,9870,
823.3960,8865,
823.4960,9867,
823.5960,9576,
823.6960,9867,
823.7960,9857,
823.8960,9848,
823.9960,9455,
824.0960,9874,
824.1960,9859,
824.2960,9838,
824.3960,9562,
824.4960,9870,
824.5960,9885,
824.6960,9868,
824.7960,9658,
824.8960,9226,
824.9960,9873,
825.0960,9653,
825.1960,9623,
825.2960,9842,
825.3960,9808,
825.4960,9805,
825.5960,9767,
825.6960,9787,
825.7960,9856,
825.8960,9871,
825.9960,9486,
826.0960,9863,
826.1960,9736,
826.2960,9851,
826.3960,9581,
826.4960,9794,
826.5960,9890,
826.6960,9861,
826.7960,9736,
826.8960,9854,
826.9960,9873,
827.0960,9823,
827.1960,9094,
827.2960,9843,
827.3960,9706,
827.4960,9865,
827.5960,8773,
827.6960,9844,
827.7960,9889,
827.8960,9795,
827.9960,9746,
828.0960,9854,
828.1960,6811,
828.2960,9842,
828.3960,9852,
828.4960,9785,
828.5960,9841,
828.6960,9865,
828.7960,3968,
828.8960,9505,
828.9960,9719,
829.0960,9830,
829.1960,9803,
829.2960,9768,
829.3960,9623,
829.4960,9840,
829.5960,9781,
829.6960,9892,
829.7960,9829,
829.8960,9699,
829.9960,9325,
830.0960,9859,
830.1960,9861,
830.2960,9838,
830.3960,9736,
830.4960,8998,
830.5960,9588,
830.6960,9764,
830.7960,9865,
830.8960,9843,
830.9960,9503,
831.0960,9674,
831.1960,8563,
831.2960,9854,
831.3960,9761,
831.4960,9845,
831.5960,9605,
831.6960,9877,
831.7960,9597,
831.8960,9884,
831.9960,9837,
832.0960,9575,
832.1960,9731,
832.2960,9546,
832.3960,9803,
832.4960,9664,
832.5960,9765,
832.6960,5963,
832.7960,9824,
832.8960,9056,
832.9960,9840,
833.0960,9866,
833.1960,4753,
833.2960,9810,
833.3960,9836,
833.4960,8858,
833.5960,9834,
833.6960,9881,
833.7960,9523,
833.8960,9297,
833.9960,9859,
834.0960,9897,
834.1960,9754,
834.2960,9389,
834.3960,9707,
834.4960,9789,
834.5960,8494,
834.6960,9646,
834.7960,9788,
834.8960,9559,
834.9960,9770,
835.0960,9848,
835.1960,9882,
835.2960,9857,
835.3960,9836,
835.4960,9864,
835.5960,9783,
835.6960,9604,
835.7960,9601,
835.8960,9864,
835.9960,9807,
836.0960,9555,
836.1960,9575,
836.2960,9877,
836.3960,9766,
836.4960,9722,
836.5960,9820,
836.6960,9819,
836.7960,9774,
836.8960,9830,
836.9960,9538,
837.0960,9856,
837.1960,9867,
837.2960,9737,
837.3960,9504,
837.4960,9875,
837.5960,9867,
837.6960,9842,
837.7960,9446,
837.8960,9865,
837.9960,9879,
838.0960,9895,
838.1960,9856,
838.2960,9847,
838.3960,9777,
838.4960,9782,
838.5960,9655,
838.6960,9707,
838.7960,8402,
838.8960,9795,
838.9960,9829,
839.0960,9864,
839.1960,9854,
839.2960,9851,
839.3960,9728,
839.4960,9823,
839.5960,9859,
839.6960,8978,
839.7960,9693,
839.8960,9861,
839.9960,9798,
840.0960,9856,
840.1960,9797,
840.2960,9816,
840.3960,9875,
840.4960,9877,
840.5960,9876,
840.6960,9880,
840.7960,9839,
840.8960,9851,
840.9960,9825,
841.0960,9882,
841.1960,9871,
841.2960,9869,
841.3960,9664,
841.4960,9859,
841.5960,9868,
841.6960,9464,
841.7960,9772,
841.8960,9849,
841.9960,9702,
842.0960,9864,
842.1960,9883,
842.2960,8664,
842.3960,9723,
842.4960,9867,
842.5960,9716,
842.6960,9388,
842.7960,9858,
842.8960,9876,
842.9960,9665,
843.0960,9818,
843.1960,9833,
843.2960,9864,
843.3960,9856,
843.4960,5284,
843.5960,9875,
843.6960,9866,
843.7960,9816,
843.8960,9352,
843.9960,9817,
844.0960,9748,
844.1960,9868,
844.2960,9800,
844.3960,8051,
844.4960,9848,
844.5960,9750,
844.6960,9630,
844.7960,9875,
844.8960,9852,
844.9960,9589,
845.0960,9558,
845.1960,9815,
845.2960,9874,
845.3960,9844,
845.4960,9876,
845.5960,9781,
845.6960,9690,
845.7960,9756,
845.8960,9636,
845.9960,9845,
846.0960,9839,
846.1960,9846,
846.2960,9836,
846.3960,9724,
846.4960,9806,
846.5960,9801,
846.6960,9864,
846.7960,9816,
846.8960,9717,
846.9960,9715,
847.0960,9674,
847.1960,9801,
847.2960,9858,
847.3960,9798,
847.4960,9866,
847.5960,9887,
847.6960,9826,
847.7960,9741,
847.8960,9876,
847.9960,9745,
848.0960,9836,
848.1960,8496,
848.2960,9703,
848.3960,9867,
848.4960,9815,
848.5960,9865,
848.6960,9799,
848.7960,9657,
848.8960,9865,
848.9960,9844,
849.0960,9873,
849.1960,9784,
849.2960,9852,
849.3960,9795,
849.4960,9709,
849.5960,9305,
849.6960,6324,
849.7960,3199,
849.8960,7916,
849.9960,9199,
850.0960,9660,
850.1960,9645,
850.2960,9769,
850.3960,9724,
850.4960,9842,
850.5960,9833,
850.6960,9896,
850.7960,9879,
850.8960,9884,
850.9960,9830,
851.0960,9733,
851.1960,9487,
851.2960,9731,
851.3960,8238,
851.4960,9584,
851.5960,9728,
851.6960,9858,
851.7960,9523,
851.8960,9813,
851.9960,9838,
852.0960,9831,
852.1960,9729,
852.2960,9666,
852.3960,9758,
852.4960,9295,
852.5960,9462,
852.6960,9220,
852.7960,9508,
852.8960,9693,
852.9960,9654,
853.0960,9717,
853.1960,9633,
853.2960,9684,
853.3960,9626,
853.4960,9538,
853.5960,9135,
853.6960,9207,
853.7960,8095,
853.8960,8299,
853.9960,7339,
854.0960,5969,
854.1960,2755,
854.2960,5532,
854.3960,7025,
854.4960,8093,
854.5960,8721,
854.6960,9109,
854.7960,9203,
854.8960,9441,
854.9960,9622,
855.0960,9584,
855.1960,9762,
855.2960,9792,
855.3960,9844,
855.4960,9763,
855.5960,9696,
855.6960,8493,
855.7960,9854,
855.8960,9729,
855.9960,9776,
856.0960,9846,
856.1960,9674,
856.2960,9862,
856.3960,9845,
856.4960,9821,
856.5960,9853,
856.6960,9763,
856.7960,9859,
856.8960,9819,
856.9960,9802,
857.0960,9805,
857.1960,9653,
857.2960,9817,
857.3960,9831,
857.4960,9796,
857.5960,9758,
857.6960,9860,
857.7960,9852,
857.8960,9819,
857.9960,9792,
858.0960,9885,
858.1960,9853,
858.2960,9713,
858.3960,9867,
858.4960,9862,
858.5960,9811,
858.6960,9811,
858.7960,9716,
858.8960,9800,
858.9960,9873,
859.0960,9836,
859.1960,9872,
859.2960,6957,
859.3960,9814,
859.4960,9871,
859.5960,7683,
859.6960,9312,
859.7960,9824,
859.8960,9291,
859.9960,9854,
860.0960,9809,
860.1960,9871,
860.2960,9805,
860.3960,9752,
860.4960,9710,
860.5960,9515,
860.6960,9658,
860.7960,9839,
860.8960,9850,
860.9960,9818,
861.0960,9869,
861.1960,9251,
861.2960,9887,
861.3960,7850,
861.4960,9861,
861.5960,9859,
861.6960,9739,
861.7960,9861,
861.8960,9784,
861.9960,9868,
862.0960,9865,
862.1960,9793,
862.2960,9686,
862.3960,9862,
862.4960,9866,
862.5960,9866,
862.6960,9874,
862.7960,9804,
862.8960,9821,
862.9960,9855,
863.0960,9869,
863.1960,9747,
863.2960,9821,
863.3960,9008,
863.4960,9871,
863.5960,9895,
863.6960,9278,
863.7960,9879,
863.8960,9879,
863.9960,9832,
864.0960,9867,
864.1960,9794,
864.2960,9747,
864.3960,9888,
864.4960,9879,
864.5960,9871,
864.6960,9871,
864.7960,9359,
864.8960,9551,
864.9960,9779,
865.0960,9751,
865.1960,9803,
865.2960,9838,
865.3960,9731,
865.4960,9712,
865.5960,9591,
865.6960,9477,
865.7960,9244,
865.8960,8779,
865.9960,8034,
866.0960,6558,
866.1960,3092,
866.2960,5840,
866.3960,7578,
866.4960,8460,
866.5960,9058,
866.6960,9323,
866.7960,9505,
866.8960,9488,
866.9960,9706,
867.0960,9660,
867.1960,9391,
867.2960,9800,
867.3960,9771,
867.4960,9539,
867.5960,9872,
867.6960,9855,
867.7960,9796,
867.8960,9352,
867.9960,9481,
868.0960,9783,
868.1960,9792,
868.2960,9132,
868.3960,9861,
868.4960,9883,
868.5960,9788,
868.6960,9736,
868.7960,9627,
868.8960,8937,
868.9960,9636,
869.0960,9847,
869.1960,9873,
869.2960,9881,
869.3960,9281,
869.4960,9841,
869.5960,9888,
869.6960,9886,
869.7960,9853,
869.8960,9749,
869.9960,9831,
870.0960,9488,
870.1960,9845,
870.2960,9754,
870.3960,9582,
870.4960,9811,
870.5960,9746,
870.6960,9769,
870.7960,9704,
870.8960,9871,
870.9960,9730,
871.0960,9798,
871.1960,9815,
871.2960,9392,
871.3960,9760,
871.4960,9840,
871.5960,9870,
871.6960,9835,
871.7960,8343,
871.8960,9780,
871.9960,9858,
872.0960,9838,
872.1960,9868,
872.2960,9844,
872.3960,9802,
872.4960,9808,
872.5960,9707,
872.6960,9782,
872.7960,6855,
872.8960,9680,
872.9960,9807,
873.0960,9737,
873.1960,9863,
873.2960,9826,
873.3960,9859,
873.4960,9728,
873.5960,6089,
873.6960,9621,
873.7960,9838,
873.8960,9830,
873.9960,9861,
874.0960,9477,
874.1960,9833,
874.2960,9818,
874.3960,9806,
874.4960,9851,
874.5960,9843,
874.6960,9765,
874.7960,9755,
874.8960,9741,
874.9960,9706,
875.0960,9534,
875.1960,6218,
875.2960,9705,
875.3960,9785,
875.4960,9821,
875.5960,9812,
875.6960,9684,
875.7960,9855,
875.8960,9875,
875.9960,9875,
876.0960,9856,
876.1960,9849,
876.2960,9810,
876.3960,4812,
876.4960,9708,
876.5960,9834,
876.6960,9794,
876.7960,9848,
876.8960,9865,
876.9960,9819,
877.0960,9829,
877.1960,9818,
877.2960,7868,
877.3960,6453,
877.4960,9828,
877.5960,9820,
877.6960,9858,
877.7960,9867,
877.8960,9771,
877.9960,9832,
878.0960,9609,
878.1960,9797,
878.2960,9854,
878.3960,9859,
878.4960,9846,
878.5960,9840,
878.6960,9813,
878.7960,9827,
878.8960,9853,
878.9960,9659,
879.0960,9748,
879.1960,9824,
879.2960,8892,
879.3960,9805,
879.4960,9811,
879.5960,9811,
879.6960,9766,
879.7960,9770,
879.8960,9873,
879.9960,9738,
880.0960,9868,
880.1960,9865,
880.2960,9836,
880.3960,9746,
880.4960,9730,
880.5960,9205,
880.6960,5853,
880.7960,9511,
880.8960,9797,
880.9960,9799,
881.0960,9877,
881.1960,9866,
881.2960,9761,
881.3960,9873,
881.4960,9867,
881.5960,9850,
881.6960,9546,
881.7960,9832,
881.8960,9833,
881.9960,9821,
882.0960,9849,
882.1960,9862,
882.2960,9762,
882.3960,9193,
882.4960,9750,
882.5960,9829,
882.6960,9867,
882.7960,9797,
882.8960,9754,
882.9960,9857,
883.0960,9839,
883.1960,9831,
883.2960,9323,
883.3960,9554,
883.4960,9878,
883.5960,9835,
883.6960,9635,
883.7960,9754,
883.8960,9814,
883.9960,9856,
884.0960,9872,
884.1960,9786,
884.2960,9863,
884.3960,9869,
884.4960,9813,
884.5960,9820,
884.6960,9730,
884.7960,9884,
884.8960,9888,
884.9960,9853,
885.0960,9845,
885.1960,9731,
885.2960,9806,
885.3960,9820,
885.4960,9795,
885.5960,9750,
885.6960,9671,
885.7960,9675,
885.8960,9631,
885.9960,9446,
886.0960,9525,
886.1960,9158,
886.2960,9376,
886.3960,9457,
886.4960,9482,
886.5960,9516,
886.6960,4295,
886.7960,9568,
886.8960,9666,
886.9960,9699,
887.0960,9728,
887.1960,9732,
887.2960,9758,
887.3960,9759,
887.4960,9751,
887.5960,8740,
887.6960,9626,
887.7960,9800,
887.8960,9368,
887.9960,9817,
888.0960,9812,
888.1960,9796,
888.2960,9766,
888.3960,9771,
888.4960,9745,
888.5960,9855,
888.6960,9824,
888.7960,9859,
888.8960,9863,
888.9960,9861,
889.0960,9841,
889.1960,9795,
889.2960,9526,
889.3960,9836,
889.4960,9861,
889.5960,9752,
889.6960,9860,
889.7960,9541,
889.8960,9677,
889.9960,9823,
890.0960,9846,
890.1960,9857,
890.2960,9384,
890.3960,9739,
890.4960,9819,
890.5960,8702,
890.6960,9847,
890.7960,9844,
890.8960,9784,
890.9960,9859,
891.0960,9819,
891.1960,8251,
891.2960,9705,
891.3960,9865,
891.4960,9859,
891.5960,9856,
891.6960,9666,
891.7960,9851,
891.8960,9834,
891.9960,7500,
892.0960,9863,
892.1960,9855,
892.2960,9827,
892.3960,9759,
892.4960,9800,
892.5960,9793,
892.6960,9631,
892.7960,9749,
892.8960,9324,
892.9960,9837,
893.0960,9647,
893.1960,9820,
893.2960,9781,
893.3960,9685,
893.4960,9873,
893.5960,9872,
893.6960,9878,
893.7960,9875,
893.8960,9889,
893.9960,9877,
894.0960,9852,
894.1960,9836,
894.2960,9169,
894.3960,9839,
894.4960,9713,
894.5960,9808,
894.6960,9752,
894.7960,9854,
894.8960,9174,
894.9960,9869,
895.0960,9860,
895.1960,9837,
895.2960,9877,
895.3960,9821,
895.4960,8474,
895.5960,9838,
895.6960,9856,
895.7960,9837,
895.8960,9853,
895.9960,9627,
896.0960,9838,
896.1960,9822,
896.2960,9801,
896.3960,9847,
896.4960,9832,
896.5960,7669,
896.6960,9831,
896.7960,9644,
896.8960,9757,
896.9960,9838,
897.0960,9705,
897.1960,9812,
897.2960,9723,
897.3960,9817,
897.4960,9776,
897.5960,9831,
897.6960,9540,
897.7960,9816,
897.8960,9848,
897.9960,9835,
898.0960,9801,
898.1960,9863,
898.2960,9875,
898.3960,9724,
898.4960,8924,
898.5960,9871,
898.6960,9755,
898.7650,7320,O2 y
898.8650,9830,
898.9650,9813,
899.0650,9386,
899.1650,4754,
899.2650,9820,
899.3650,9834,
899.4650,9559,
899.5650,9854,
899.6650,9821,
899.7650,9864,
899.8650,9825,
899.9650,6049,
900.0000,9387,
900.1000,9767,
900.2000,9836,
900.3000,9843,
900.4000,9189,
900.5000,9767,
900.6000,9785,
900.7000,9498,
900.8000,9456,
900.9000,8972,
901.0000,9266,
901.1000,9609,
901.2000,6704,
901.3000,9406,
901.4000,7826,
901.5000,9234,
901.6000,9092,
901.7000,6090,
901.8000,9391,
901.9000,9623,
902.0000,9697,
902.1000,9730,
902.2000,8441,
902.3000,9693,
902.4000,9825,
902.5000,9790,
902.6000,7644,
902.7000,9814,
902.8000,9863,
902.9000,9835,
903.0000,9873,
903.1000,9830,
903.2000,9815,
903.3000,9860,
903.4000,9849,
903.5000,9813,
903.6000,9577,
903.7000,9826,
903.8000,9830,
903.9000,9824,
904.0000,9481,
904.1000,9792,
904.2000,9815,
904.3000,9706,
904.4000,9820,
904.5000,9830,
904.6000,9844,
904.7000,9862,
904.8000,9811,
904.9000,9844,
905.0000,9810,
905.1000,9642,
905.2000,9838,
905.3000,7629,
905.4000,9805,
905.5000,9841,
905.6000,9840,
905.7000,9808,
905.8000,9662,
905.9000,9832,
906.0000,9759,
906.1000,9583,
906.2000,9417,
906.3000,9655,
906.4000,8547,
906.5000,9836,
906.6000,9799,
906.7000,9792,
906.8000,9749,
906.9000,7777,
907.0000,9760,
907.1000,9770,
907.2000,5785,
907.3000,9745,
907.4000,9629,
907.5000,9745,
907.6000,9799,
907.7000,9864,
907.8000,9463,
907.9000,8597,
908.0000,9287,
908.1000,9562,
908.2000,9820,
908.3000,9843,
908.4000,9825,
908.5000,9837,
908.6000,9749,
908.7000,2638,
908.8000,9666,
908.9000,9674,
909.0000,9711,
909.1000,9850,
909.2000,9753,
909.3000,9797,
909.4000,9554,
909.5000,7036,
909.6000,9820,
909.7000,9878,
909.8000,9852,
909.9000,9701,
910.0000,9519,
910.1000,9811,
910.2000,9831,
910.3000,9826,
910.4000,9849,
910.5000,9743,
910.6000,9738,
910.7000,9339,
910.8000,9178,
910.9000,9802,
911.0000,9851,
911.1000,9782,
911.2000,8438,
911.3000,9701,
911.4000,9823,
911.5000,9863,
911.6000,9856,
911.7000,9097,
911.8000,6976,
911.9000,6510,
912.0000,9583,
912.1000,9850,
912.2000,9872,
912.3000,9799,
912.4000,9663,
912.5000,9760,
912.6000,9840,
912.7000,9851,
912.8000,9720,
912.9000,9754,
913.0000,9371,
913.1000,9471,
913.2000,9818,
913.3000,9817,
913.4000,9802,
913.5000,9709,
913.6000,5808,
913.7000,8788,
913.8000,9823,
913.9000,9879,
914.0000,9757,
914.1000,9491,
914.2000,9854,
914.3000,9857,
914.4000,9702,
914.5000,9759,
914.6000,9633,
914.7000,9466,
914.8000,7799,
914.9000,9683,
915.0000,8802,
915.1000,9806,
915.2000,9296,
915.3000,9230,
915.4000,9682,
915.5000,9759,
915.6000,8948,
915.7000,8907,
915.8000,9827,
915.9000,9847,
916.0000,9480,
916.1000,9378,
916.2000,9833,
916.3000,9766,
916.4000,8701,
916.5000,9861,
916.6000,9859,
916.7000,9834,
916.8000,8577,
916.9000,9800,
917.0000,9839,
917.1000,9705,
917.2000,9558,
917.3000,9566,
917.4000,8005,
917.5000,9591,
917.6000,9241,
917.7000,8626,
917.8000,9765,
917.9000,9717,
918.0000,9837,
918.1000,9644,
918.2000,9665,
918.3000,9744,
918.4000,9787,
918.5000,7141,
918.6000,9851,
918.7000,9344,
918.8000,9869,
918.9000,9848,
919.0000,9814,
919.1000,9816,
919.2000,9840,
919.3000,9611,
919.4000,9839,
919.5000,9610,
919.6000,7581,
919.7000,9326,
919.8000,9858,
919.9000,9765,
920.0000,9852,
920.1000,9834,
920.2000,9616,
920.3000,9792,
920.4000,9790,
920.5000,9481,
920.6000,9823,
920.7000,9540,
920.8000,9666,
920.9000,9835,
921.0000,6056,
921.1000,9795,
921.2000,9804,
921.3000,7585,
921.4000,9684,
921.5000,9146,
921.6000,9849,
921.7000,9255,
921.8000,9585,
921.9000,9804,
922.0000,9798,
922.1000,9777,
922.2000,9392,
922.3000,9712,
922.4000,9313,
922.5000,8395,
922.6000,9460,
922.7000,9315,
922.8000,7068,
922.9000,8885,
923.0000,9102,
923.1000,8916,
923.2000,9388,
923.3000,9442,
923.4000,9601,
923.5000,9628,
923.6000,9413,
923.7000,9692,
923.8000,8762,
923.9000,9574,
924.0000,9738,
924.1000,9672,
924.2000,9574,
924.3000,9678,
924.4000,9799,
924.5000,9757,
924.6000,9800,
924.7000,9880,
924.8000,9882,
924.9000,9837,
925.0000,9892,
925.1000,9546,
925.2000,9830,
925.3000,9133,
925.4000,9682,
925.5000,9660,
925.6000,7845,
925.7000,9675,
925.8000,9433,
925.9000,6255,
926.0000,9815,
926.1000,8758,
926.2000,9823,
926.3000,9021,
926.4000,8830,
926.5000,9858,
926.6000,8797,
926.7000,9687,
926.8000,9868,
926.9000,9699,
927.0000,9767,
927.1000,9807,
927.2000,9852,
927.3000,9009,
927.4000,9864,
927.5000,9726,
927.6000,9828,
927.7000,9808,
927.8000,9822,
927.9000,8834,
928.0000,9304,
928.1000,9784,
928.2000,8820,
928.3000,9818,
928.4000,9450,
928.5000,8388,
928.6000,9707,
928.7000,9684,
928.8000,9647,
928.9000,9669,
929.0000,9810,
929.1000,9827,
929.2000,9874,
929.3000,9752,
929.4000,9698,
929.5000,6488,
929.6000,8900,
929.7000,9382,
929.8000,8424,
929.9000,9838,
930.0000,9770,
930.1000,6500,
930.2000,9309,
930.3000,9824,
930.4000,8975,
930.5000,9665,
930.6000,9817,
930.7000,9670,
930.8000,3832,
930.9000,9076,
931.0000,9392,
931.1000,9739,
931.2000,9686,
931.3000,9817,
931.4000,8817,
931.5000,9289,
931.6000,8567,
931.7000,5443,
931.8000,9576,
931.9000,4378,
932.0000,9788,
932.1000,9839,
932.2000,9541,
932.3000,8562,
932.4000,9259,
932.5000,8392,
932.6000,9600,
932.7000,9781,
932.8000,9244,
932.9000,9705,
933.0000,9739,
933.1000,9618,
933.2000,9789,
933.3000,9535,
933.4000,7939,
933.5000,9016,
933.6000,8307,
933.7000,9503,
933.8000,9704,
933.9000,9115,
934.0000,9601,
934.1000,9754,
934.2000,9200,
934.3000,7935,
934.4000,4514,
934.5000,8724,
934.6000,8921,
934.7000,9275,
934.8000,9803,
934.9000,9786,
935.0000,9729,
935.1000,9805,
935.2000,9675,
935.3000,5499,
935.4000,6556,
935.5000,9243,
935.6000,9705,
935.7000,9334,
935.8000,7901,
935.9000,8717,
936.0000,9725,
936.1000,9754,
936.2000,9683,
936.3000,9796,
936.4000,9791,
936.5000,7608,
936.6000,9626,
936.7000,9728,
936.8000,9776,
936.9000,9604,
937.0000,9241,
937.1000,7890,
937.2000,9478,
937.3000,8925,
937.4000,9851,
937.5000,9606,
937.6000,9827,
937.7000,9622,
937.8000,9284,
937.9000,9740,
938.0000,8601,
938.1000,5271,
938.2000,9558,
938.3000,9058,
938.4000,9752,
938.5000,9588,
938.6000,9738,
938.7000,3518,
938.8000,9549,
938.9000,9829,
939.0000,9817,
939.1000,9739,
939.2000,9754,
939.3000,9804,
939.4000,9640,
939.5000,9801,
939.6000,9825,
939.7000,9752,
939.8000,9838,
939.9000,4613,
940.0000,9052,
940.1000,8760,
940.2000,9790,
940.3000,9841,
940.4000,9770,
940.5000,9477,
940.6000,8300,
940.7000,9377,
940.8000,9817,
940.9000,7886,
941.0000,9435,
941.1000,9600,
941.2000,9811,
941.3000,9483,
941.4000,5965,
941.5000,4939,
941.6000,9510,
941.7000,8945,
941.8000,9366,
941.9000,9816,
942.0000,9692,
942.1000,9556,
942.2000,8939,
942.3000,9768,
942.4000,9494,
942.5000,9619,
942.6000,9428,
942.7000,5501,
942.8000,6912,
942.9000,9627,
943.0000,8280,
943.1000,9523,
943.2000,9537,
943.3000,9095,
943.4000,9787,
943.5000,9768,
943.6000,9808,
943.7000,9053,
943.8000,6829,
943.9000,8371,
944.0000,9400,
944.1000,2327,
944.2000,9574,
944.3000,9395,
944.4000,9429,
944.5000,9370,
944.6000,5235,
944.7000,7498,
944.8000,9843,
944.9000,9565,
945.0000,9664,
945.1000,9788,
945.2000,9447,
945.3000,9729,
945.4000,7271,
945.5000,9342,
945.6000,7912,
945.7000,9352,
945.8000,9819,
945.9000,9670,
946.0000,177,
946.1000,8597,
946.2000,9601,
946.3000,7952,
946.4000,8511,
946.5000,9516,
946.6000,9538,
946.7000,9200,
946.8000,9557,
946.9000,9356,
947.0000,9466,
947.1000,9664,
947.2000,9677,
947.3000,9561,
947.4000,9230,
947.5000,8528,
947.6000,8694,
947.7000,9352,
947.8000,9693,
947.9000,9668,
948.0000,7100,
948.1000,9013,
948.2000,7565,
948.3000,9643,
948.4000,9608,
948.5000,9169,
948.6000,8149,
948.7000,9571,
948.8000,9541,
948.9000,9511,
949.0000,9774,
949.1000,9811,
949.2000,9802,
949.3000,9334,
949.4000,6006,
949.5000,9089,
949.6000,9665,
949.7000,9173,
949.8000,9575,
949.9000,9682,
950.0000,9547,
950.1000,971,
950.2000,9051,
950.3000,9743,
950.4000,9797,
950.5000,9772,
950.6000,9398,
950.7000,9828,
950.8000,9679,
950.9000,9787,
951.0000,9294,
951.1000,9721,
951.2000,9825,
951.3000,9692,
951.4000,9778,
951.5000,9813,
951.6000,9698,
951.7000,2918,
951.8000,9067,
951.9000,9574,
952.0000,7180,
952.1000,9787,
952.2000,7727,
952.3000,9698,
952.4000,9836,
952.5000,8734,
952.6000,9795,
952.7000,9712,
952.8000,9762,
952.9000,9671,
953.0000,9779,
953.1000,9845,
953.2000,9852,
953.3000,9847,
953.4000,9833,
953.5000,9557,
953.6000,8049,
953.7000,9654,
953.8000,9700,
953.9000,9755,
954.0000,9410,
954.1000,9062,
954.2000,9432,
954.3000,9370,
954.4000,4582,
954.5000,8877,
954.6000,7886,
954.7000,8895,
954.8000,9187,
954.9000,9450,
955.0000,9256,
955.1000,9067,
955.2000,9613,
955.3000,9486,
955.4000,8115,
955.5000,9776,
955.6000,8013,
955.7000,8717,
955.8000,9788,
955.9000,9839,
956.0000,9786,
956.1000,9843,
956.2000,9845,
956.3000,9689,
956.4000,9264,
956.5000,4796,
956.6000,9755,
956.7000,9589,
956.8000,9813,
956.9000,6375,
957.0000,7536,
957.1000,9462,
957.2000,9788,
957.3000,9828,
957.4000,9845,
957.5000,9368,
957.6000,9836,
957.7000,8296,
957.8000,9802,
957.9000,9706,
958.0000,9313,
958.1000,8001,
958.2000,9690,
958.3000,9852,
958.4000,9469,
958.5000,9875,
958.6000,9290,
958.7000,9638,
958.8000,9821,
958.9000,8538,
959.0000,9717,
959.1000,9719,
959.2000,9394,
959.3000,9712,
959.4000,9643,
959.5000,9723,
959.6000,9227,
959.7000,8799,
959.8000,9179,
959.9000,9541,
960.0000,9785,
960.1000,9807,
960.2000,9728,
960.3000,7152,
960.4000,9787,
960.5000,8123,
960.6000,9333,
960.7000,9520,
960.8000,9620,
960.9000,9608,
961.0000,7909,
961.1000,9860,
961.2000,9801,
961.3000,9864,
961.4000,9294,
961.5000,8126,
961.6000,9854,
961.7000,9809,
961.8000,9037,
961.9000,9848,
962.0000,7896,
962.1000,8100,
962.2000,9800,
962.3000,9653,
962.4000,9847,
962.5000,9495,
962.6000,9575,
962.7000,9629,
962.8000,9704,
962.9000,9763,
963.0000,9640,
963.1000,9736,
963.2000,9526,
963.3000,9719,
963.4000,9575,
963.5000,9633,
963.6000,9481,
963.7000,9672,
963.8000,9687,
963.9000,9775,
964.0000,9735,
964.1000,9759,
964.2000,9706,
964.3000,9156,
964.4000,9826,
964.5000,9112,
964.6000,9687,
964.7000,9833,
964.8000,9831,
964.9000,9838,
965.0000,9787,
965.1000,9762,
965.2000,9754,
965.3000,8604,
965.4000,9776,
965.5000,9816,
965.6000,9778,
965.7000,9715,
965.8000,9508,
965.9000,8719,
966.0000,9777,
966.1000,9601,
966.2000,9664,
966.3000,9720,
966.4000,9679,
966.5000,9792,
966.6000,9836,
966.7000,9624,
966.8000,9865,
966.9000,9875,
967.0000,9088,
967.1000,9782,
967.2000,9819,
967.3000,9846,
967.4000,9830,
967.5000,9813,
967.6000,9806,
967.7000,9779,
967.8000,9820,
967.9000,9760,
968.0000,9775,
968.1000,9601,
968.2000,9528,
968.3000,9853,
968.4000,9827,
968.5000,9847,
968.6000,9686,
968.7000,9828,
968.8000,9764,
968.9000,9579,
969.0000,9664,
969.1000,9634,
969.2000,9717,
969.3000,9821,
969.4000,9145,
969.5000,9844,
969.6000,9792,
969.7000,9815,
969.8000,9850,
969.9000,9863,
970.0000,9699,
970.1000,9765,
970.2000,8941,
970.3000,9831,
970.4000,9831,
970.5000,9649,
970.6000,9767,
970.7000,9846,
970.8000,9819,
970.9000,9642,
971.0000,9835,
971.1000,9777,
971.2000,9806,
971.3000,9862,
971.4000,9861,
971.5000,9738,
971.6000,9862,
971.7000,9771,
971.8000,9852,
971.9000,9006,
972.0000,9871,
972.1000,9861,
972.2000,9855,
972.3000,9334,
972.4000,9846,
972.5000,9858,
972.6000,9863,
972.7000,9806,
972.8000,9470,
972.9000,9853,
973.0000,9857,
973.1000,9849,
973.2000,9836,
973.3000,9838,
973.4000,9848,
973.5000,7707,
973.6000,9183,
973.7000,9598,
973.8000,9552,
973.9000,9611,
974.0000,9806,
974.1000,9832,
974.2000,9784,
974.3000,9733,
974.4000,9362,
974.5000,9749,
974.6000,9814,
974.7000,9649,
974.8000,9378,
974.9000,9680,
975.0000,9835,
975.1000,9848,
975.2000,9753,
975.3000,8477,
975.4000,9616,
975.5000,9866,
975.6000,9515,
975.7000,9790,
975.8000,9297,
975.9000,9829,
976.0000,9851,
976.1000,9822,
976.2000,9851,
976.3000,8917,
976.4000,9011,
976.5000,9814,
976.6000,9834,
976.7000,9835,
976.8000,9805,
976.9000,9846,
977.0000,9761,
977.1000,9619,
977.2000,9542,
977.3000,9836,
977.4000,9529,
977.5000,9839,
977.6000,9843,
977.7000,9682,
977.8000,9846,
977.9000,9799,
978.0000,9602,
978.1000,9693,
978.2000,9731,
978.3000,9789,
978.4000,8074,
978.5000,9779,
978.6000,9796,
978.7000,9676,
978.8000,9823,
978.9000,9678,
979.0000,9758,
979.1000,6962,
979.2000,9811,
979.3000,9693,
979.4000,9809,
979.5000,9787,
979.6000,9815,
979.7000,9723,
979.8000,9844,
979.9000,9836,
980.0000,9674,
980.1000,9455,
980.2000,9662,
980.3000,9769,
980.4000,9501,
980.5000,9807,
980.6000,9743,
980.7000,9819,
980.8000,9696,
980.9000,9805,
981.0000,9780,
981.1000,9846,
981.2000,9737,
981.3000,9827,
981.4000,9817,
981.5000,9821,
981.6000,9797,
981.7000,9845,
981.8000,9819,
981.9000,9835,
982.0000,9845,
982.1000,9798,
982.2000,9666,
982.3000,9787,
982.4000,9824,
982.5000,9772,
982.6000,9492,
982.7000,9565,
982.8000,9745,
982.9000,9781,
983.0000,9802,
983.1000,9776,
983.2000,9441,
983.3000,9795,
983.4000,9610,
983.5000,9813,
983.6000,9804,
983.7000,9842,
983.8000,9837,
983.9000,9817,
984.0000,9744,
984.1000,9851,
984.2000,9805,
984.3000,9641,
984.4000,9629,
984.5000,9839,
984.6000,9815,
984.7000,9863,
984.8000,9845,
984.9000,9611,
985.0000,9760,
985.1000,9818,
985.2000,9809,
985.3000,9789,
985.4000,9818,
985.5000,9712,
985.6000,9660,
985.7000,9682,
985.8000,9842,
985.9000,9795,
986.0000,9833,
986.1000,9839,
986.2000,9545,
986.3000,9804,
986.4000,9857,
986.5000,9872,
986.6000,9874,
986.7000,9872,
986.8000,8655,
986.9000,9848,
987.0000,9803,
987.1000,9861,
987.2000,9736,
987.3000,9828,
987.4000,9623,
987.5000,9851,
987.6000,9871,
987.7000,9882,
987.8000,9851,
987.9000,9855,
988.0000,9862,
988.1000,9853,
988.2000,9850,
988.3000,9811,
988.4000,9855,
988.5000,9849,
988.6000,9516,
988.7000,8779,
988.8000,9758,
988.9000,6254,
989.0000,9726,
989.1000,9669,
989.2000,9795,
989.3000,9832,
989.4000,9828,
989.5000,9831,
989.6000,9784,
989.7000,9859,
989.8000,9242,
989.9000,9178,
990.0000,9781,
990.1000,9801,
990.2000,9823,
990.3000,9820,
990.4000,9807,
990.5000,9788,
990.6000,9777,
990.7000,9798,
990.8000,9748,
990.9000,9798,
991.0000,9799,
991.1000,9649,
991.2000,9679,
991.3000,9208,
991.4000,9848,
991.5000,9873,
991.6000,9863,
991.7000,9868,
991.8000,9900,
991.9000,9837,
992.0000,9803,
992.1000,9819,
992.2000,9805,
992.3000,9810,
992.4000,9615,
992.5000,9796,
992.6000,9814,
992.7000,9823,
992.8000,9807,
992.9000,9782,
993.0000,9793,
993.1000,9681,
993.2000,9676,
993.3000,9710,
993.4000,9838,
993.5000,9756,
993.6000,9829,
993.7000,9736,
993.8000,9834,
993.9000,9826,
994.0000,9647,
994.1000,9772,
994.2000,9743,
994.3000,9723,
994.4000,9805,
994.5000,9795,
994.6000,9827,
994.7000,9803,
994.8000,9811,
994.9000,9516,
995.0000,9798,
995.1000,9739,
995.2000,9587,
995.3000,9809,
995.4000,9833,
995.5000,9711,
995.6000,9611,
995.7000,9729,
995.8000,9838,
995.9000,9725,
996.0000,9779,
996.1000,9728,
996.2000,9812,
996.3000,9808,
996.4000,9854,
996.5000,9718,
996.6000,9863,
996.7000,9689,
996.8000,9852,
996.9000,9754,
997.0000,9843,
997.1000,9849,
997.2000,9857,
997.3000,9847,
997.4000,9860,
997.5000,9855,
997.6000,9856,
997.7000,9785,
997.8000,9848,
997.9000,9874,
998.0000,9877,
998.1000,9886,
998.2000,9533,
998.3000,9799,
998.4000,9804,
998.5000,9883,
998.6000,9857,
998.7000,9856,
998.8000,9819,
998.9000,9866,
999.0000,9878,
999.1000,9884,
999.2000,9868,
999.3000,9477,
999.4000,9842,
999.5000,9230,
999.6000,9687,
999.7000,9849,
999.8000,9619,
999.9000,9806,
1000.0000,9842,
1000.1000,9833,
1000.2000,9816,
1000.3000,9746,
1000.4002,9903,
1000.5003,9909,
1000.6004,9894,
1000.7006,9873,
1000.8008,9915,
1000.9010,9894,
1001.0012,9833,
1001.1014,9822,
1001.2017,9879,
1001.3020,9834,
1001.4023,9780,
1001.5026,9870,
1001.6029,9647,
1001.7033,9661,
1001.8037,9878,
1001.9037,9871,
1002.0037,9808,
1002.1037,9825,
1002.2038,9834,
1002.3039,9852,
1002.4040,9855,
1002.5041,9840,
1002.6042,9598,
1002.7044,9851,
1002.8046,9838,
1002.9047,9819,
1003.0050,9800,
1003.1052,9771,
1003.2055,9694,
1003.3057,9741,
1003.4060,9762,
1003.5063,9750,
1003.6067,9730,
1003.7070,9178,
1003.8074,9682,
1003.9074,9620,
1004.0074,9634,
1004.1075,9570,
1004.2075,9542,
1004.3076,9500,
1004.4077,9391,
1004.5078,9297,
1004.6079,9141,
1004.7081,8868,
1004.8083,8488,
1004.9085,7846,
1005.0087,8176,
1005.1089,8684,
1005.2092,9043,
1005.3094,9168,
1005.4097,9200,
1005.5100,9222,
1005.6104,9255,
1005.7107,9534,
1005.8111,9611,
1005.9115,9580,
1006.0115,9695,
1006.1115,9700,
1006.2116,9714,
1006.3116,9672,
1006.4117,9615,
1006.5119,6304,
1006.6120,9631,
1006.7121,9756,
1006.8123,9711,
1006.9125,9674,
1007.0127,9829,
1007.1129,9825,
1007.2132,9837,
1007.3134,9857,
1007.4137,9791,
1007.5140,9826,
1007.6144,9844,
1007.7147,9702,
1007.8151,9867,
1007.9155,9771,
1008.0155,9867,
1008.1155,9883,
1008.2155,9873,
1008.3156,9812,
1008.4157,9778,
1008.5158,9708,
1008.6159,9787,
1008.7160,9178,
1008.8162,9881,
1008.9164,9808,
1009.0166,9895,
1009.1168,9843,
1009.2170,9512,
1009.3173,9846,
1009.4176,9899,
1009.5179,9895,
1009.6182,9891,
1009.7185,9894,
1009.8189,9889,
1009.9193,9855,
1010.0197,9898,
1010.1197,9902,
1010.2197,9911,
1010.3198,9912,
1010.4198,9829,
1010.5199,9850,
1010.6200,9897,
1010.7202,9902,
1010.8203,9929,
1010.9205,9862,
1011.0207,9913,
1011.1209,9898,
1011.2211,9872,
1011.3214,9668,
1011.4216,9721,
1011.5219,9797,
1011.6222,9924,
1011.7226,9919,
1011.8229,9889,
1011.9233,9838,
1012.0237,9925,
1012.1237,9839,
1012.2237,9903,
1012.3237,9829,
1012.4238,9655,
1012.5239,9860,
1012.6240,9874,
1012.7241,9916,
1012.8242,9730,
1012.9244,9843,
1013.0246,9918,
1013.1247,9904,
1013.2250,9934,
1013.3252,9923,
1013.4254,9919,
1013.5257,9859,
1013.6260,9927,
1013.7263,9860,
1013.8267,9887,
1013.9270,9918,
1014.0274,9890,
1014.1278,9860,
1014.2278,9889,
1014.3278,9911,
1014.4279,9911,
1014.5279,9318,
1014.6280,9856,
1014.7281,9887,
1014.8282,9925,
1014.9284,9910,
1015.0285,9914,
1015.1287,9915,
1015.2289,9838,
1015.3291,9169,
1015.4294,9901,
1015.5297,9746,
1015.6299,9735,
1015.7302,9919,
1015.8306,9885,
1015.9309,9922,
1016.0312,9931,
1016.1316,9919,
1016.2320,9901,
1016.3320,9892,
1016.4321,9875,
1016.5321,9886,
1016.6322,9902,
1016.7323,9892,
1016.8324,9922,
1016.9325,9918,
1017.0326,9899,
1017.1328,9919,
1017.2330,9880,
1017.3332,9708,
1017.4334,9922,
1017.5336,9922,
1017.6339,9878,
1017.7342,9906,
1017.8345,9919,
1017.9348,9923,
1018.0351,9921,
1018.1355,9906,
1018.2359,9907,
1018.3363,9861,
1018.4363,9906,
1018.5363,9900,
1018.6364,9902,
1018.7364,9917,
1018.8365,9903,
1018.9366,9904,
1019.0367,9907,
1019.1369,9782,
1019.2370,9888,
1019.3372,9298,
1019.4374,9904,
1019.5376,9881,
1019.6379,9860,
1019.7381,9925,
1019.8384,9754,
1019.9387,9918,
1020.0390,9914,
1020.1394,9910,
1020.2397,9877,
1020.3401,9903,
1020.4405,9906,
1020.5405,9918,
1020.6406,9762,
1020.7406,9864,
1020.8406,9907,
1020.9407,9916,
1021.0408,9892,
1021.1409,9881,
1021.2411,9779,
1021.3413,9855,
1021.4414,9523,
1021.5416,9859,
1021.6418,6615,
1021.7421,9884,
1021.8423,7159,
1021.9426,9918,
1022.0429,9919,
1022.1432,9906,
1022.2436,9890,
1022.3439,9863,
1022.4443,9907,
1022.5447,9888,
1022.6447,9810,
1022.7447,9860,
1022.8447,9887,
1022.9448,9895,
1023.0449,9880,
1023.1450,9857,
1023.2451,9861,
1023.3452,9760,
1023.4454,9900,
1023.5455,9877,
1023.6457,9869,
1023.7460,9827,
1023.8462,9914,
1023.9464,9893,
1024.0467,9892,
1024.1470,9758,
1024.2473,9901,
1024.3476,9850,
1024.4480,9675,
1024.5484,9835,
1024.6487,9896,
1024.7492,9903,
1024.8492,9912,
1024.9492,9892,
1025.0492,9771,
1025.1493,9826,
1025.2494,9589,
1025.3495,9859,
1025.4496,9765,
1025.5498,9898,
1025.6499,9809,
1025.7501,9842,
1025.8503,9871,
1025.9505,9899,
1026.0508,9829,
1026.1510,9902,
1026.2513,9475,
1026.3516,9900,
1026.4519,9900,
1026.5523,9913,
1026.6526,9761,
1026.7530,9894,
1026.8534,9912,
1026.9534,9878,
1027.0534,9880,
1027.1535,9887,
1027.2535,9892,
1027.3536,9739,
1027.4537,9886,
1027.5538,9889,
1027.6540,9893,
1027.7541,9858,
1027.8543,9905,
1027.9545,9901,
1028.0547,9900,
1028.1549,9898,
1028.2552,9906,
1028.3554,9869,
1028.4557,9823,
1028.5560,9912,
1028.6564,9900,
1028.7567,9888,
1028.8571,9724,
1028.9575,9893,
1029.0579,9817,
1029.1579,9844,
1029.2579,9910,
1029.3579,9902,
1029.4580,9888,
1029.5581,9884,
1029.6582,9889,
1029.7583,9718,
1029.8584,9896,
1029.9586,9881,
1030.0588,9895,
1030.1590,9795,
1030.2592,8540,
1030.3594,9895,
1030.4597,9897,
1030.5600,9910,
1030.6603,9872,
1030.7606,9851,
1030.8609,9883,
1030.9613,9907,
1031.0616,9889,
1031.1620,9879,
1031.2624,9397,
1031.3625,9875,
1031.4625,9890,
1031.5625,9881,
1031.6626,9898,
1031.7627,9903,
1031.8628,9907,
1031.9629,9894,
1032.0630,9898,
1032.1632,9903,
1032.2634,9909,
1032.3636,9873,
1032.4638,9902,
1032.5640,9895,
1032.6643,9848,
1032.7646,9566,
1032.8649,9870,
1032.9652,9822,
1033.0655,9875,
1033.1659,9823,
1033.2663,9874,
1033.3667,9913,
1033.4671,9914,
1033.5671,9900,
1033.6671,9892,
1033.7672,9914,
1033.8672,9896,
1033.9673,9894,
1034.0674,9883,
1034.1675,9894,
1034.2677,9858,
1034.3678,8259,
1034.4680,9857,
1034.5682,9847,
1034.6684,9907,
1034.7687,9883,
1034.8689,9895,
1034.9692,9910,
1035.0695,9903,
1035.1698,9905,
1035.2702,9897,
1035.3705,9612,
1035.4709,9896,
1035.5713,9917,
1035.6717,9917,
1035.7717,9904,
1035.8717,9837,
1035.9718,9919,
1036.0719,9874,
1036.1719,9872,
1036.2720,9193,
1036.3721,9900,
1036.4723,9892,
1036.5725,9867,
1036.6726,9888,
1036.7728,9905,
1036.8730,9913,
1036.9733,9885,
1037.0735,9656,
1037.1738,9479,
1037.2741,9878,
1037.3744,9896,
1037.4748,9913,
1037.5751,9892,
1037.6755,9906,
1037.7759,9911,
1037.8763,9198,
1037.9763,9851,
1038.0763,9911,
1038.1764,9912,
1038.2764,9903,
1038.3765,9895,
1038.4766,9867,
1038.5767,9908,
1038.6768,9929,
1038.7770,9890,
1038.8772,9430,
1038.9774,9917,
1039.0776,9891,
1039.1778,9892,
1039.2781,9918,
1039.3783,9914,
1039.4786,9903,
1039.5789,6360,
1039.6792,8432,
1039.7796,9896,
1039.8800,9892,
1039.9804,9858,
1040.0808,9634,
1040.1808,9840,
1040.2808,9896,
1040.3808,9899,
1040.4808,9876,
1040.5809,9898,
1040.6810,9512,
1040.7811,9779,
1040.8812,9884,
1040.9814,9901,
1041.0816,9880,
1041.1817,9910,
1041.2820,9916,
1041.3822,9899,
1041.4824,9540,
1041.5827,9853,
1041.6830,9886,
1041.7833,9898,
1041.8836,9915,
1041.9839,9908,
1042.0843,9903,
1042.1846,9920,
1042.2850,9908,
1042.3855,9320,
1042.4855,9895,
1042.5855,9883,
1042.6855,9889,
1042.7856,9920,
1042.8857,9919,
1042.9858,9903,
1043.0859,9903,
1043.1860,9891,
1043.2862,9882,
1043.3863,9669,
1043.4865,9866,
1043.5867,9897,
1043.6870,9925,
1043.7872,9907,
1043.8875,9905,
1043.9878,9923,
1044.0881,9874,
1044.1884,9899,
1044.2888,9885,
1044.3891,9917,
1044.4895,9916,
1044.5899,9911,
1044.6904,9873,
1044.7904,9899,
1044.8904,9816,
1044.9905,9824,
1045.0905,9928,
1045.1906,9891,
1045.2907,9536,
1045.3908,9888,
1045.4910,9772,
1045.5911,9597,
1045.6913,8919,
1045.7915,9864,
1045.8917,9808,
1045.9920,9769,
1046.0922,9895,
1046.1925,9924,
1046.2928,9891,
1046.3931,9905,
1046.4934,9784,
1046.5938,9931,
1046.6942,9882,
1046.7946,9934,
1046.8950,9907,
1046.9950,9799,
1047.0950,9822,
1047.1950,9850,
1047.2950,9911,
1047.3951,9893,
1047.4952,9886,
1047.5953,9903,
1047.6954,9902,
1047.7956,9727,
1047.8957,9927,
1047.9959,9925,
1048.0961,9901,
1048.1963,9913,
1048.2966,9905,
1048.3968,9913,
1048.4971,9932,
1048.5974,9902,
1048.6977,9867,
1048.7981,9864,
1048.8984,9902,
1048.9988,9897,
1049.0992,9791,
1049.1996,9912,
1049.3000,9864,
1049.4000,9914,
1049.5001,9919,
1049.6001,9794,
1049.7002,9879,
1049.8003,9882,
1049.9004,9870,
1050.0005,9919,
1050.1007,9935,
1050.2008,9893,
1050.3010,9885,
1050.4012,9914,
1050.5014,9910,
1050.6017,9876,
1050.7019,9885,
1050.8022,9916,
1050.9025,9928,
1051.0028,9375,
1051.1032,9902,
1051.2035,9917,
1051.3039,9248,
1051.4043,9893,
1051.5047,9922,
1051.6051,9720,
1051.7051,9899,
1051.8052,9903,
1051.9052,9894,
1052.0053,9925,
1052.1054,9797,
1052.2055,9812,
1052.3056,9905,
1052.4057,9908,
1052.5059,9858,
1052.6061,9848,
1052.7063,9888,
1052.8065,9905,
1052.9067,9875,
1053.0070,9857,
1053.1072,9889,
1053.2075,9742,
1053.3078,9864,
1053.4082,9881,
1053.5085,9894,
1053.6089,9774,
1053.7093,9901,
1053.8097,9885,
1053.9101,9913,
1054.0101,9892,
1054.1102,9568,
1054.2102,9819,
1054.3103,9817,
1054.4103,9914,
1054.5104,9889,
1054.6105,9894,
1054.7107,9904,
1054.8108,9915,
1054.9110,9919,
1055.0112,9844,
1055.1114,9906,
1055.2116,9828,
1055.3119,9851,
1055.4122,9907,
1055.5124,9792,
1055.6128,9884,
1055.7131,9898,
1055.8134,9780,
1055.9138,9877,
1056.0142,9888,
1056.1146,9896,
1056.2150,9907,
1056.3150,9840,
1056.4150,9899,
1056.5150,9888,
1056.6151,9867,
1056.7152,9894,
1056.8153,9749,
1056.9154,9895,
1057.0155,9897,
1057.1156,9886,
1057.2158,9871,
1057.3160,9867,
1057.4162,9833,
1057.5164,9844,
1057.6166,9872,
1057.7169,8767,
1057.8172,9877,
1057.9175,9868,
1058.0178,9761,
1058.1181,9830,
1058.2185,8250,
1058.3189,9775,
1058.4192,9422,
1058.5197,3508,
1058.6201,9554,
1058.7201,9762,
1058.8201,9835,
1058.9202,9855,
1059.0202,9786,
1059.1203,9852,
1059.2204,9873,
1059.3205,9864,
1059.4206,9802,
1059.5208,9870,
1059.6210,9855,
1059.7211,9853,
1059.8214,9851,
1059.9216,9858,
1060.0218,9855,
1060.1221,9748,
1060.2224,9751,
1060.3227,7616,
1060.4230,9587,
1060.5234,9765,
1060.6237,9846,
1060.7241,9873,
1060.8245,9840,
1060.9249,9866,
1061.0254,9874,
1061.1254,9808,
1061.2254,9832,
1061.3254,9860,
1061.4255,9835,
1061.5256,9869,
1061.6257,9860,
1061.7258,9866,
1061.8259,9843,
1061.9261,9799,
1062.0263,9790,
1062.1265,9819,
1062.2267,9849,
1062.3269,9835,
1062.4272,9849,
1062.5274,9821,
1062.6277,9816,
1062.7280,9586,
1062.8284,9755,
1062.9287,9849,
1063.0291,9862,
1063.1294,9836,
1063.2299,9789,
1063.3303,9764,
1063.4307,9860,
1063.5307,9858,
1063.6308,9817,
1063.7308,9760,
1063.8308,9854,
1063.9309,9846,
1064.0310,9856,
1064.1312,9832,
1064.2313,9837,
1064.3315,9810,
1064.4316,9829,
1064.5318,9831,
1064.6320,9775,
1064.7323,9817,
1064.8325,9804,
1064.9328,9793,
1065.0331,9685,
1065.1334,9836,
1065.2337,9633,
1065.3341,9848,
1065.4344,9857,
1065.5348,9830,
1065.6352,9763,
1065.7357,9800,
1065.8361,9804,
1065.9361,9778,
1066.0361,9348,
1066.1362,8632,
1066.2362,9721,
1066.3363,9780,
1066.4364,9722,
1066.5365,9842,
1066.6367,9854,
1066.7368,9661,
1066.8370,9852,
1066.9372,9849,
1067.0374,9853,
1067.1376,9846,
1067.2379,9821,
1067.3382,9641,
1067.4384,9804,
1067.5387,9553,
1067.6391,9789,
1067.7394,9819,
1067.8398,9850,
1067.9402,9812,
1068.0406,9816,
1068.1410,9440,
1068.2414,9414,
1068.3414,8623,
1068.4414,9455,
1068.5415,5813,
1068.6415,9747,
1068.7416,9769,
1068.8417,9749,
1068.9418,8789,
1069.0420,9343,
1069.1421,6094,
1069.2423,9587,
1069.3425,9599,
1069.4427,7223,
1069.5429,9705,
1069.6431,9777,
1069.7434,9859,
1069.8437,9856,
1069.9440,9442,
1070.0443,9850,
1070.1446,9882,
1070.2450,9870,
1070.3454,9792,
1070.4458,9853,
1070.5462,9858,
1070.6466,9784,
1070.7471,6927,
1070.8471,9825,
1070.9471,9861,
1071.0472,9848,
1071.1472,9870,
1071.2473,9852,
1071.3474,9832,
1071.4475,9763,
1071.5477,9891,
1071.6478,9813,
1071.7480,9885,
1071.8482,9873,
1071.9484,9886,
1072.0487,9873,
1072.1489,9862,
1072.2492,9882,
1072.3495,9821,
1072.4498,9873,
1072.5501,9832,
1072.6505,9382,
1072.7509,5225,
1072.8512,9548,
1072.9516,6189,
1073.0521,9823,
1073.1525,9888,
1073.2525,9874,
1073.3525,9909,
1073.4526,9907,
1073.5526,9863,
1073.6527,9909,
1073.7528,9654,
1073.8529,9917,
1073.9530,9816,
1074.0532,9900,
1074.1534,9699,
1074.2535,9751,
1074.3538,8825,
1074.4540,9140,
1074.5542,9812,
1074.6545,9535,
1074.7548,9747,
1074.8551,9555,
1074.9554,6224,
1075.0557,9719,
1075.1561,9858,
1075.2565,9858,
1075.3568,9870,
1075.4573,9804,
1075.5577,9900,
1075.6581,9892,
1075.7581,9909,
1075.8582,9917,
1075.9582,9903,
1076.0583,9831,
1076.1584,9821,
1076.2585,9914,
1076.3586,9920,
1076.4587,9913,
1076.5589,9938,
1076.6590,9885,
1076.7592,9925,
1076.8594,9838,
1076.9597,9852,
1077.0599,9804,
1077.1602,9259,
1077.2605,9773,
1077.3608,9868,
1077.4611,9928,
1077.5614,9752,
1077.6618,9929,
1077.7622,9921,
1077.8626,9902,
1077.9630,9816,
1078.0634,9676,
1078.1639,9771,
1078.2639,9894,
1078.3639,9782,
1078.4639,7067,
1078.5640,9718,
1078.6641,7713,
1078.7642,9630,
1078.8643,9851,
1078.9644,9837,
1079.0646,9907,
1079.1648,9812,
1079.2649,9890,
1079.3652,9910,
1079.4654,9887,
1079.5656,9836,
1079.6659,9921,
1079.7662,9912,
1079.8665,9901,
1079.9668,7197,
1080.0672,9911,
1080.1675,9910,
1080.2679,9849,
1080.3683,8721,
1080.4687,9912,
1080.5692,9887,
1080.6696,9872,
1080.7696,9842,
1080.8696,9781,
1080.9697,9586,
1081.0697,6923,
1081.1698,8626,
1081.2699,9634,
1081.3700,9794,
1081.4702,9766,
1081.5703,9835,
1081.6705,9891,
1081.7707,9722,
1081.8709,9858,
1081.9711,9915,
1082.0713,9850,
1082.1716,9396,
1082.2719,9813,
1082.3722,9853,
1082.4725,9818,
1082.5729,9558,
1082.6732,7532,
1082.7736,8563,
1082.8740,9603,
1082.9744,9606,
1083.0748,9522,
1083.1753,9551,
1083.2753,9803,
1083.3753,9612,
1083.4753,9454,
1083.5754,9868,
1083.6755,9918,
1083.7755,9862,
1083.8757,9830,
1083.9758,9939,
1084.0759,9293,
1084.1761,9925,
1084.2763,9786,
1084.3765,6337,
1084.4767,9813,
1084.5770,9831,
1084.6772,9500,
1084.7775,9912,
1084.8778,9920,
1084.9781,9860,
1085.0784,9898,
1085.1788,9904,
1085.2791,9642,
1085.3795,9947,
1085.4799,9943,
1085.5804,9892,
1085.6808,9821,
1085.7813,9810,
1085.8813,9868,
1085.9813,6163,
1086.0814,9826,
1086.1814,9864,
1086.2815,9736,
1086.3816,9566,
1086.4817,9906,
1086.5819,9874,
1086.6820,9808,
1086.7822,9411,
1086.8824,5194,
1086.9826,6683,
1087.0828,9394,
1087.1831,9672,
1087.2834,9684,
1087.3836,9898,
1087.4840,9187,
1087.5843,9841,
1087.6846,9911,
1087.7850,9901,
1087.8854,9917,
1087.9858,9499,
1088.0862,9910,
1088.1866,9146,
1088.2871,6734,
1088.3871,9886,
1088.4871,9624,
1088.5871,9703,
1088.6871,9657,
1088.7872,9887,
1088.8873,6797,
1088.9874,9860,
1089.0875,9892,
1089.1877,9381,
1089.2879,9871,
1089.3880,9833,
1089.4882,9398,
1089.5885,9919,
1089.6887,9905,
1089.7889,9906,
1089.8892,9360,
1089.9895,9855,
1090.0898,6688,
1090.1901,9826,
1090.2905,9843,
1090.3909,9600,
1090.4913,9735,
1090.5917,9688,
1090.6921,9880,
1090.7925,9859,
1090.8930,9846,
1090.9930,9843,
1091.0930,9785,
1091.1930,9867,
1091.2931,9792,
1091.3932,9700,
1091.4933,4399,
1091.5934,9827,
1091.6935,9770,
1091.7936,9800,
1091.8938,9809,
1091.9940,9686,
1092.0942,9739,
1092.1944,9650,
1092.2947,1599,
1092.3949,9540,
1092.4952,8954,
1092.5955,9590,
1092.6958,9508,
1092.7961,9602,
1092.8965,9580,
1092.9968,9160,
1093.0972,8769,
1093.1976,9136,
1093.2981,9294,
1093.3985,9048,
1093.4990,8494,
1093.5990,8593,
1093.6990,8136,
1093.7990,7019,
1093.8991,7906,
1093.9992,8199,
1094.0992,8929,
1094.1994,8482,
1094.2995,9226,
1094.3996,8588,
1094.4998,9333,
1094.6000,8930,
1094.7002,9409,
1094.8004,9255,
1094.9006,9404,
1095.0009,9109,
1095.1012,9579,
1095.2015,9509,
1095.3018,9369,
1095.4021,9573,
1095.5025,9639,
1095.6028,5759,
1095.7032,5963,
1095.8036,9477,
1095.9040,9653,
1096.0045,8853,
1096.1049,9747,
1096.2049,9228,
1096.3050,9790,
1096.4050,9298,
1096.5050,8712,
1096.6051,9271,
1096.7052,9203,
1096.8053,9617,
1096.9054,9816,
1097.0056,9575,
1097.1057,9787,
1097.2059,9677,
1097.3061,7971,
1097.4063,9374,
1097.5066,9752,
1097.6068,7935,
1097.7071,8654,
1097.8074,9751,
1097.9077,8345,
1098.0080,9570,
1098.1084,9130,
1098.2087,5501,
1098.3091,9777,
1098.4095,9531,
1098.5099,9734,
1098.6104,9299,
1098.7108,9451,
1098.8113,9234,
1098.9113,9844,
1099.0113,9877,
1099.1114,8887,
1099.2114,9214,
1099.3115,9554,
1099.4116,7137,
1099.5117,9018,
1099.6119,9365,
1099.7120,9785,
1099.8122,9129,
1099.9124,9766,
1100.0000,9848,
1100.1002,9852,
1100.2005,9384,
1100.3007,8998,
1100.4010,9222,
1100.5013,9807,
1100.6016,9498,
1100.7020,8385,
1100.8023,9455,
1100.9027,8752,
1101.0031,9878,
1101.1035,9782,
1101.2039,9902,
1101.3043,9788,
1101.4048,8559,
1101.5048,9775,
1101.6048,7733,
1101.7049,8905,
1101.8049,4065,
1101.9050,9475,
1102.0051,9381,
1102.1052,9590,
1102.2053,9718,
1102.3054,9097,
1102.4056,9597,
1102.5058,9840,
1102.6060,9525,
1102.7062,9534,
1102.8064,9376,
1102.9067,9815,
1103.0069,7325,
1103.1072,9780,
1103.2075,8798,
1103.3078,9775,
1103.4082,9222,
1103.5085,9866,
1103.6089,9879,
1103.7093,9680,
1103.8097,9361,
1103.9102,6782,
1104.0106,8835,
1104.1111,5792,
1104.2111,9438,
1104.3111,9802,
1104.4111,9541,
1104.5112,8900,
1104.6113,9514,
1104.7114,9795,
1104.8115,9643,
1104.9116,9862,
1105.0117,9764,
1105.1119,9414,
1105.2121,9083,
1105.3123,9269,
1105.4125,9613,
1105.5127,9747,
1105.6130,8913,
1105.7133,9596,
1105.8135,9217,
1105.9138,8714,
1106.0142,5733,
1106.1145,9272,
1106.2149,9054,
1106.3153,9168,
1106.4157,2097,
1106.5161,8687,
1106.6165,9881,
1106.7170,9903,
1106.8174,9857,
1106.9174,7386,
1107.0175,9740,
1107.1175,9798,
1107.2175,8851,
1107.3176,9895,
1107.4177,9622,
1107.5178,9382,
1107.6180,9106,
1107.7181,4739,
1107.8183,8778,
1107.9184,9314,
1108.0186,9230,
1108.1189,9489,
1108.2191,7194,
1108.3193,9666,
1108.4196,8976,
1108.5199,9247,
1108.6202,9647,
1108.7205,9842,
1108.8209,9270,
1108.9212,8684,
1109.0216,9524,
1109.1220,8394,
1109.2224,8402,
1109.3229,9803,
1109.4233,9753,
1109.5238,9476,
1109.6238,9702,
1109.7238,9803,
1109.8238,9258,
1109.9239,9683,
1110.0240,9565,
1110.1241,8475,
1110.2242,7676,
1110.3243,6624,
1110.4244,9352,
1110.5246,9229,
1110.6248,6232,
1110.7250,9680,
1110.8252,9649,
1110.9254,3303,
1111.0257,9478,
1111.1259,8648,
1111.2262,3762,
1111.3265,9465,
1111.4269,8199,
1111.5272,9843,
1111.6275,9820,
1111.7279,9790,
1111.8283,9246,
1111.9287,9032,
1112.0292,9011,
1112.1296,9607,
1112.2301,9519,
1112.3306,2301,
1112.4306,9154,
1112.5306,9630,
1112.6306,8856,
1112.7307,6296,
1112.8308,2936,
1112.9309,1730,
1113.0310,2402,
1113.1311,5461,
1113.2313,9079,
1113.3315,3019,
1113.4316,198,
1113.5319,8384,
1113.6321,5061,
1113.7323,9299,
1113.8326,9692,
1113.9329,7730,
1114.0332,9544,
1114.1335,9695,
1114.2338,9763,
1114.3342,4511,
1114.4345,9224,
1114.5349,7828,
1114.6353,8571,
1114.7358,8049,
1114.8362,2285,
1114.9367,3550,
1115.0371,8811,
1115.1371,4855,
1115.2371,7330,
1115.3372,8022,
1115.4372,8906,
1115.5373,327,
1115.6374,9371,
1115.7375,3132,
1115.8376,9229,
1115.9378,-6,
1116.0379,3,
1116.1381,5380,
1116.2383,7,
1116.3385,3379,
1116.4387,6064,
1116.5390,3649,
1116.6393,7045,
1116.7396,7455,
1116.8398,8509,
1116.9402,2191,
1117.0405,5688,
1117.1409,4349,
1117.2413,15,
1117.3416,8774,
1117.4421,8641,
1117.5425,9407,
1117.6429,9387,
1117.7434,6703,
1117.8439,6269,
1117.9439,7760,
1118.0439,169,
1118.1440,4713,
1118.2440,7883,
1118.3441,8851,
1118.4442,8860,
1118.5443,6635,
1118.6444,1701,
1118.7445,622,
1118.8447,6035,
1118.9449,1917,
1119.0451,1000,
1119.1453,4577,
1119.2456,5818,
1119.3458,8437,
1119.4461,8226,
1119.5464,8640,
1119.6467,5196,
1119.7470,3129,
1119.8473,5669,
1119.9477,5102,
1120.0481,401,
1120.1485,559,
1120.2489,5105,
1120.3493,8594,
1120.4498,7948,
1120.5503,8283,
1120.6507,8525,
1120.7507,8997,
1120.8508,8635,
1120.9508,6105,
1121.0509,-1,
1121.1509,807,
1121.2510,7348,
1121.3511,8290,
1121.4513,7989,
1121.5514,5451,
1121.6516,4,
1121.7517,0,
1121.8519,3750,
1121.9522,6120,
1122.0524,891,
1122.1526,4,
1122.2529,3201,
1122.3532,4197,
1122.4535,3,
1122.5539,1533,
1122.6542,6628,
1122.7546,2861,
1122.8549,8499,
1122.9553,8117,
1123.0557,8513,
1123.1562,5925,
1123.2566,3427,
1123.3571,180,
1123.4576,469,
1123.5576,127,
1123.6576,5482,
1123.7576,7997,
1123.8577,8363,
1123.9578,8697,
1124.0578,5866,
1124.1580,7315,
1124.2581,7889,
1124.3582,8942,
1124.4584,8898,
1124.5585,7078,
1124.6588,8362,
1124.7590,7744,
1124.8592,4405,
1124.9594,5524,
1125.0597,174,
1125.1600,72,
1125.2603,0,
1125.3606,1928,
1125.4610,4,
1125.5613,6061,
1125.6617,7333,
1125.7621,6415,
1125.8625,3317,
1125.9629,150,
1126.0634,5154,
1126.1638,11,
1126.2643,8355,
1126.3643,8675,
1126.4643,6761,
1126.5643,6856,
1126.6644,8851,
1126.7644,8637,
1126.8645,7770,
1126.9646,7058,
1127.0647,637,
1127.1649,3135,
1127.2650,6692,
1127.3652,6477,
1127.4654,3575,
1127.5656,2,
1127.6658,2654,
1127.7660,6749,
1127.8663,7059,
1127.9666,8216,
1128.0669,7542,
1128.1672,1539,
1128.2675,2046,
1128.3679,7486,
1128.4682,8057,
1128.5686,6351,
1128.6690,1,
1128.7694,5087,
1128.8699,7675,
1128.9703,2532,
1129.0708,6243,
1129.1713,7281,
1129.2713,6038,
1129.3713,594,
1129.4714,5,
1129.5714,2972,
1129.6715,6452,
1129.7716,6516,
1129.8717,-2,
1129.9718,4748,
